1,2,3,4,5,6,7,8,9,10,11,12,13,14,15,16,17,18,19,20,21,22,23,24,25,26,27,28,29,30,31,32,33,34
0.0,0.0,0.0,0.0,0.0,0.0,796.9762573242188,88.33836364746094,835.5646362304688,86.60717010498047,786.3521118164062,138.4474639892578,853.9667358398438,133.2314453125,780.9879150390625,206.23818969726562,879.89453125,185.76470947265625,777.7032470703125,257.97186279296875,859.5556640625,198.6182098388672,803.4069213867188,250.08349609375,852.7120361328125,248.33267211914062,818.6439208984375,319.664306640625,881.7122802734375,317.9853820800781,842.0956420898438,399.0392761230469,924.2019653320312,389.0731201171875
0.0,0.0,0.0,0.0,0.0,0.0,826.32080078125,115.08297729492188,0.0,0.0,811.6329345703125,151.74154663085938,880.7825317382812,142.11270141601562,807.5670166015625,215.78778076171875,907.9396362304688,185.8066864013672,804.68310546875,265.42724609375,890.0213623046875,202.64076232910156,832.3590087890625,259.000244140625,881.4918212890625,256.4793701171875,846.5780639648438,326.5544738769531,905.3966674804688,320.9375305175781,872.5614013671875,406.201416015625,944.3025512695312,391.3305358886719
688.0,0.0,688.0,0.0,688.0,0.0,688.0,0.0,688.0,0.0,807.963134765625,147.29737854003906,882.413330078125,137.68856811523438,809.2037353515625,215.6826629638672,904.4547119140625,184.89849853515625,806.459228515625,262.25640869140625,888.1201782226562,214.22268676757812,840.3706665039062,254.7692108154297,892.3533325195312,253.28488159179688,849.4822998046875,336.0068664550781,912.4261474609375,328.9471435546875,875.9249267578125,417.7457580566406,937.1209106445312,403.1933288574219
687.0,0.0,687.0,0.0,687.0,0.0,854.088134765625,106.00430297851562,687.0,0.0,846.8167724609375,149.40573120117188,912.6719970703125,140.25863647460938,841.3406982421875,216.46888732910156,937.1820678710938,189.38796997070312,836.6764526367188,263.0677185058594,919.8272094726562,211.96566772460938,872.1709594726562,255.84471130371094,918.2125244140625,253.9382781982422,880.4174194335938,338.60968017578125,935.7023315429688,335.20086669921875,901.4271240234375,421.34625244140625,961.101318359375,411.35260009765625
726.0,0.0,726.0,0.0,726.0,0.0,878.935302734375,112.67534637451172,917.71728515625,108.54801940917969,869.3887329101562,159.1016845703125,934.30810546875,148.7840576171875,866.5574951171875,226.5649871826172,961.24365234375,193.64649963378906,859.3241577148438,270.6791687011719,942.1624755859375,205.893798828125,895.46630859375,264.4535217285156,942.05859375,262.22003173828125,902.7788696289062,344.0923156738281,960.8395385742188,339.6265563964844,920.2977294921875,427.53271484375,992.884765625,414.2918395996094
751.0,0.0,751.0,0.0,751.0,0.0,893.6038818359375,118.0069580078125,930.236328125,115.15242004394531,879.2772216796875,164.68243408203125,947.2335205078125,156.25311279296875,878.7737426757812,231.07159423828125,972.9849853515625,200.197998046875,874.4310302734375,279.4599914550781,962.4693603515625,219.9100341796875,904.1856079101562,275.5009460449219,951.6893310546875,274.6156005859375,914.5753173828125,359.3350524902344,973.2454833984375,355.6420593261719,934.50732421875,443.51470947265625,996.096435546875,431.8215637207031
762.0,0.0,762.0,0.0,762.0,0.0,899.2674560546875,137.48876953125,762.0,0.0,889.8716430664062,181.46389770507812,956.5572509765625,171.29656982421875,889.1532592773438,246.11404418945312,983.3302001953125,212.69091796875,885.4053955078125,295.2962646484375,973.832275390625,232.1688690185547,916.5283203125,291.45184326171875,963.2540283203125,289.4442138671875,924.1094970703125,373.62249755859375,983.3204345703125,369.0162048339844,941.0015869140625,456.71331787109375,1004.169189453125,443.7854919433594
780.0,0.0,780.0,0.0,780.0,0.0,901.019287109375,158.4744415283203,780.0,0.0,890.0403442382812,202.2848663330078,958.70751953125,189.84335327148438,888.8186645507812,265.52545166015625,987.349365234375,225.7809600830078,883.37109375,307.8353576660156,972.9404296875,240.6653289794922,918.8785400390625,309.59649658203125,967.3284912109375,306.61138916015625,922.32177734375,389.4142761230469,983.1954956054688,383.0645751953125,938.431640625,470.6747131347656,1003.665283203125,457.3322448730469
784.0,0.0,784.0,0.0,784.0,0.0,899.9705200195312,173.49525451660156,937.921142578125,169.84500122070312,889.8421630859375,216.40505981445312,956.95849609375,207.5570526123047,884.5747680664062,281.25860595703125,982.1041259765625,250.3711395263672,879.5109252929688,327.90673828125,967.109619140625,259.82769775390625,911.6201171875,325.980224609375,959.3350219726562,324.2166748046875,917.8960571289062,403.2208557128906,978.8179931640625,400.4940185546875,925.2850341796875,484.0610656738281,997.294921875,472.5943908691406
783.0,0.0,783.0,0.0,783.0,0.0,898.326904296875,186.2295379638672,937.005615234375,182.92620849609375,882.4716796875,227.95794677734375,950.8997802734375,221.2578125,880.8745727539062,290.0386047363281,978.3272094726562,266.03521728515625,875.5968627929688,335.4073181152344,967.8233642578125,285.1731872558594,905.6796875,337.5791320800781,954.1165771484375,337.0281677246094,909.765869140625,416.1423034667969,971.2914428710938,412.7624206542969,920.4796142578125,501.2393798828125,991.8002319335938,488.7843322753906
780.0,0.0,780.0,0.0,780.0,0.0,894.1332397460938,197.77352905273438,930.2943115234375,197.5950164794922,880.4675903320312,239.7794952392578,945.3524169921875,236.46116638183594,869.1080932617188,302.25677490234375,975.197998046875,282.6844177246094,866.5076904296875,343.369384765625,950.1736450195312,297.6586608886719,898.577392578125,349.2560119628906,944.97119140625,348.2355651855469,894.9672241210938,427.4659423828125,952.3357543945312,426.2489013671875,905.0139770507812,511.1239929199219,978.0447387695312,506.6304626464844
776.0,0.0,776.0,0.0,776.0,0.0,884.2789916992188,206.2388458251953,922.6165771484375,205.37606811523438,869.1761474609375,248.3084259033203,938.0885009765625,245.78765869140625,858.90234375,309.99951171875,961.9234619140625,294.9869079589844,855.5203247070312,351.8653259277344,937.496826171875,305.97412109375,884.6801147460938,355.9362487792969,933.9276733398438,355.87652587890625,882.2478637695312,434.5578918457031,941.5216064453125,435.1780700683594,886.9517822265625,520.36865234375,957.6873779296875,515.1223754882812
765.0,0.0,765.0,0.0,765.0,0.0,873.5308837890625,210.163818359375,911.068603515625,209.07774353027344,857.9600830078125,251.1001739501953,924.7333984375,250.1903839111328,845.51953125,310.1473693847656,947.165771484375,299.6541442871094,838.9747314453125,353.03656005859375,924.0318603515625,310.2067565917969,873.7049560546875,354.56243896484375,921.157958984375,355.2321472167969,868.639404296875,433.0116882324219,926.0833129882812,434.6438293457031,866.034423828125,518.8624877929688,935.163818359375,513.3685302734375
758.0,0.0,758.0,0.0,758.0,0.0,858.1515502929688,209.64451599121094,895.813232421875,209.25973510742188,842.4905395507812,252.2430877685547,908.6576538085938,251.56507873535156,829.0099487304688,312.10595703125,931.02880859375,302.0541687011719,823.5133056640625,353.4946594238281,907.243408203125,315.4959716796875,854.1891479492188,356.5574035644531,901.5538940429688,356.1792907714844,845.1422119140625,431.43365478515625,899.272705078125,431.6318359375,841.8082885742188,514.4979248046875,908.446044921875,508.699462890625
744.0,0.0,744.0,0.0,744.0,0.0,843.2156982421875,207.80593872070312,877.5236206054688,208.395263671875,828.5159301757812,253.076416015625,894.72021484375,252.8400115966797,808.44775390625,306.44000244140625,913.8968505859375,301.609375,804.3320922851562,346.58306884765625,894.6927490234375,324.9984130859375,836.018310546875,357.2219543457031,883.2188110351562,356.81134033203125,824.724853515625,431.5070495605469,883.4619140625,433.37335205078125,816.2774658203125,511.3260192871094,885.2058715820312,512.3319091796875
723.0,0.0,723.0,0.0,723.0,0.0,827.4271850585938,205.90237426757812,860.074951171875,205.91844177246094,814.7322998046875,248.90847778320312,876.245849609375,248.83131408691406,791.2639770507812,304.0104675292969,894.45263671875,302.11529541015625,786.0570068359375,345.3204345703125,876.2044067382812,334.81719970703125,821.0028686523438,353.74761962890625,865.3452758789062,352.20068359375,803.2051391601562,427.0419006347656,861.3377685546875,425.3557434082031,789.4312133789062,509.2004089355469,862.3453369140625,505.2731628417969
696.0,0.0,696.0,0.0,696.0,0.0,808.0015869140625,203.08892822265625,838.5908203125,203.88623046875,795.7301635742188,244.0304718017578,854.4049682617188,245.74099731445312,770.2283935546875,296.87158203125,870.9718627929688,299.9403076171875,764.4645385742188,341.69561767578125,863.246337890625,335.97747802734375,798.6703491210938,346.3877868652344,840.5711669921875,345.4150390625,777.4385986328125,418.4374694824219,833.7326049804688,418.33807373046875,758.427734375,498.6946105957031,826.82666015625,497.6497802734375
654.0,0.0,654.0,0.0,654.0,0.0,784.3396606445312,204.5242919921875,815.5128784179688,205.36170959472656,770.0955200195312,243.5712127685547,829.637939453125,246.64529418945312,743.169189453125,291.9946594238281,848.0391235351562,299.6085205078125,738.523193359375,335.9859924316406,845.371826171875,336.7748107910156,774.7672729492188,344.18389892578125,816.490966796875,344.2062072753906,753.210205078125,416.6277770996094,805.3505859375,417.3235168457031,732.109619140625,495.5931396484375,793.1895141601562,493.7772216796875
628.0,0.0,628.0,0.0,628.0,0.0,765.5303344726562,204.25732421875,797.1898193359375,205.4270477294922,751.8228149414062,242.99241638183594,810.6030883789062,248.5391387939453,721.568115234375,287.3083801269531,826.682861328125,305.0921630859375,713.6524658203125,328.53729248046875,826.8745727539062,343.88104248046875,752.7821044921875,342.16583251953125,793.6155395507812,342.5298156738281,726.8766479492188,414.8465270996094,778.7930908203125,416.1859130859375,700.8193359375,493.7101745605469,761.3088989257812,491.9568176269531
588.0,0.0,588.0,0.0,588.0,0.0,745.7842407226562,205.3417510986328,776.1585083007812,207.7325439453125,729.6994018554688,242.41429138183594,787.51123046875,251.29554748535156,700.2965087890625,285.2740783691406,805.66748046875,307.29217529296875,693.8892822265625,329.53656005859375,813.7850341796875,345.69140625,730.47265625,341.13641357421875,770.7904052734375,343.02081298828125,699.9067993164062,408.1747131347656,757.5035400390625,411.9839782714844,668.9359130859375,482.6605224609375,738.0491943359375,484.8471984863281
553.0,3.0,553.0,3.0,553.0,3.0,730.545166015625,205.86317443847656,762.552734375,207.4831085205078,714.4672241210938,245.06692504882812,774.3564453125,253.0548553466797,683.5462646484375,285.6343688964844,788.7733154296875,310.4060363769531,678.6849975585938,322.5414123535156,798.86328125,348.8210754394531,711.9869995117188,340.54986572265625,752.716552734375,341.410400390625,680.3478393554688,405.4047546386719,733.3707275390625,407.5806884765625,647.1825561523438,473.897216796875,705.541015625,474.71185302734375
518.0,8.0,518.0,8.0,518.0,8.0,723.1796264648438,203.57546997070312,754.5333862304688,205.1974334716797,704.4776000976562,237.78591918945312,762.0673828125,247.791748046875,673.53125,275.56439208984375,775.3658447265625,305.9205017089844,662.8231201171875,316.5260314941406,783.4859619140625,346.4530944824219,702.1009521484375,333.546630859375,742.2960205078125,335.50128173828125,669.3312377929688,397.37921142578125,725.43603515625,399.96209716796875,631.0735473632812,469.22540283203125,698.3096923828125,467.2226257324219
490.0,10.0,490.0,10.0,490.0,10.0,716.3530883789062,199.816650390625,748.9373779296875,201.69273376464844,699.597412109375,233.7902374267578,758.41650390625,243.93692016601562,666.1664428710938,271.8806457519531,768.4782104492188,302.60089111328125,658.721435546875,310.6021423339844,775.689453125,339.7059020996094,695.1443481445312,327.4210510253906,735.8629760742188,329.02581787109375,657.7280883789062,386.7888488769531,712.7953491210938,390.1622009277344,618.7219848632812,457.56951904296875,682.5407104492188,457.4145202636719
471.0,12.0,471.0,12.0,471.0,12.0,717.3380126953125,196.07763671875,749.744384765625,199.00897216796875,700.1669921875,229.55499267578125,758.310791015625,241.47169494628906,665.3223876953125,266.3866271972656,764.120361328125,300.0998840332031,658.6682739257812,305.7672119140625,771.6253662109375,335.5465087890625,692.330078125,326.04034423828125,730.6339111328125,328.0235290527344,655.8829345703125,379.4285888671875,698.485595703125,384.1480407714844,618.78759765625,444.7547302246094,658.88671875,446.6345520019531
463.0,17.0,463.0,17.0,463.0,17.0,718.7678833007812,197.63699340820312,748.8892822265625,200.6373291015625,700.5291137695312,231.621826171875,754.9664306640625,243.91497802734375,669.2973022460938,268.3863220214844,767.4877319335938,298.8916015625,664.1416015625,304.87158203125,775.2593994140625,333.2499694824219,693.0994262695312,325.9066467285156,731.7103881835938,329.07403564453125,659.951416015625,379.8659973144531,717.8204956054688,385.53070068359375,612.0484619140625,440.69525146484375,687.7418823242188,442.9808349609375
471.0,24.0,471.0,24.0,471.0,24.0,722.2418823242188,211.75616455078125,753.6951904296875,214.0365753173828,702.4136962890625,245.58279418945312,758.6465454101562,254.90797424316406,671.2811279296875,282.8548278808594,766.5618896484375,309.8405456542969,670.90625,313.1094970703125,771.3642578125,344.48223876953125,692.291259765625,336.9637451171875,732.8419189453125,338.8006286621094,652.4141845703125,391.74139404296875,714.650390625,395.6819763183594,605.4912109375,453.4945983886719,685.88818359375,455.4106750488281
457.0,38.0,457.0,38.0,457.0,38.0,730.0669555664062,227.77073669433594,759.0867919921875,231.97329711914062,707.7239379882812,258.545654296875,763.4887084960938,271.8457946777344,677.9913940429688,294.5941162109375,773.57080078125,327.4228820800781,679.2840576171875,325.5312194824219,780.0994873046875,359.9501037597656,696.4855346679688,350.4692687988281,736.3201293945312,354.07568359375,658.6439208984375,402.9375,718.9114379882812,409.572021484375,614.2763061523438,463.8704528808594,690.1612548828125,469.91900634765625
475.0,61.0,475.0,61.0,475.0,61.0,742.48193359375,250.08828735351562,770.3905029296875,255.77151489257812,716.4835815429688,280.15625,771.1901245117188,297.61480712890625,686.4359130859375,308.63616943359375,780.5638427734375,349.7467956542969,689.834716796875,338.0896911621094,790.177490234375,379.9429931640625,697.6137084960938,377.9868469238281,735.6064453125,382.7845458984375,666.514404296875,420.01397705078125,720.0691528320312,427.8329772949219,624.3218994140625,471.01214599609375,690.6307983398438,477.2991943359375
494.0,88.0,494.0,88.0,494.0,88.0,494.0,88.0,777.184814453125,287.10406494140625,722.7578125,311.49847412109375,775.75341796875,328.563720703125,694.7027587890625,343.185302734375,784.1749267578125,380.2656555175781,494.0,88.0,799.6812744140625,401.9251403808594,703.1982421875,403.4350280761719,741.2582397460938,408.2390441894531,673.832763671875,449.5429382324219,734.5966796875,457.5850524902344,624.89794921875,498.5963439941406,703.799072265625,504.0982666015625
485.0,125.0,485.0,125.0,485.0,125.0,485.0,125.0,786.1741943359375,324.352294921875,733.0662231445312,343.6827392578125,786.2156982421875,360.72967529296875,706.1390380859375,369.19146728515625,794.9931640625,410.7039794921875,713.7718505859375,398.87261962890625,808.33056640625,441.5459289550781,711.968017578125,434.390625,747.9860229492188,438.99493408203125,688.6857299804688,480.7169189453125,736.784912109375,488.44146728515625,644.6926879882812,527.2567138671875,698.0845947265625,534.65625
500.0,165.0,500.0,165.0,500.0,165.0,500.0,165.0,802.6151123046875,343.29547119140625,749.110107421875,361.4154052734375,798.6927490234375,381.7838134765625,721.354248046875,387.651123046875,802.1888427734375,435.8250427246094,500.0,165.0,818.009033203125,466.3123474121094,724.2540283203125,451.6125793457031,760.2078857421875,457.64910888671875,702.107421875,496.3328552246094,761.492919921875,505.3847351074219,652.8805541992188,544.5491333007812,730.3201904296875,550.7494506835938
517.0,187.0,517.0,187.0,517.0,187.0,517.0,187.0,818.7413330078125,332.07208251953125,768.5770263671875,350.837890625,815.580078125,371.5056457519531,744.665771484375,375.01373291015625,819.4304809570312,424.2587585449219,517.0,187.0,833.4234619140625,455.25982666015625,743.8096313476562,439.70269775390625,778.3837280273438,445.9145812988281,719.9815673828125,482.26995849609375,778.5908203125,491.9403381347656,671.7442016601562,527.080810546875,749.1162109375,535.6107177734375
542.0,176.0,542.0,176.0,542.0,176.0,542.0,176.0,836.4197998046875,331.93914794921875,786.1735229492188,350.95703125,831.290771484375,372.1798095703125,761.973388671875,385.76898193359375,834.3916015625,429.1235656738281,542.0,176.0,849.3382568359375,455.91546630859375,760.2107543945312,441.83416748046875,794.1024780273438,448.59600830078125,735.9885864257812,481.1290588378906,794.9942016601562,492.2224426269531,686.780517578125,525.6185302734375,768.947021484375,534.7706298828125
558.0,178.0,558.0,178.0,558.0,178.0,558.0,178.0,850.44775390625,339.549560546875,800.8450317382812,354.20220947265625,844.7313232421875,374.6370849609375,775.8217163085938,384.34375,847.3385620117188,427.8242492675781,558.0,178.0,864.1820068359375,461.44830322265625,779.4501953125,443.98052978515625,812.6522216796875,450.8418884277344,757.0140991210938,484.4053649902344,818.8616333007812,494.2848815917969,708.3262329101562,529.4388427734375,793.69580078125,537.4647216796875
593.0,190.0,593.0,190.0,593.0,190.0,593.0,190.0,868.8194580078125,338.9886169433594,823.0828247070312,357.31317138671875,864.9544067382812,375.3272705078125,593.0,190.0,868.6826171875,428.41796875,593.0,190.0,883.0147705078125,460.8938903808594,795.8229370117188,438.2672119140625,826.703125,443.84515380859375,781.9065551757812,484.12139892578125,836.42626953125,492.31793212890625,733.1553344726562,527.8234252929688,803.0642700195312,536.620361328125
609.0,192.0,609.0,192.0,609.0,192.0,609.0,192.0,887.5474853515625,340.1431884765625,838.1830444335938,360.9149169921875,883.60302734375,378.6961975097656,815.9217529296875,393.75677490234375,887.485595703125,432.3538818359375,609.0,192.0,900.4525146484375,461.5873718261719,816.84814453125,442.1964111328125,850.0209350585938,447.99566650390625,798.9600830078125,483.62713623046875,852.357666015625,492.4459228515625,751.95849609375,527.3182983398438,822.4937744140625,535.31298828125
629.0,186.0,629.0,186.0,629.0,186.0,629.0,186.0,899.89501953125,339.4765930175781,851.7266235351562,357.6469421386719,895.81689453125,376.25286865234375,830.52392578125,387.4482421875,901.6822509765625,427.5738525390625,841.7938232421875,415.80413818359375,919.6051635742188,459.1530456542969,831.99609375,439.7352294921875,863.6885986328125,446.180908203125,820.583984375,484.3332214355469,870.4910888671875,493.390625,775.0496826171875,529.1685791015625,839.42626953125,537.4028930664062
654.0,185.0,654.0,185.0,654.0,185.0,654.0,185.0,909.8370361328125,340.6737060546875,862.4281616210938,359.15655517578125,908.1871337890625,379.13226318359375,840.3817138671875,390.67852783203125,915.42236328125,432.9215393066406,842.4594116210938,424.4356689453125,930.30419921875,463.8033142089844,844.4823608398438,446.7435607910156,877.474853515625,453.6540222167969,829.3106689453125,486.9574279785156,883.5056762695312,496.7969970703125,784.3331909179688,533.63818359375,854.4329833984375,540.988037109375
672.0,190.0,672.0,190.0,672.0,190.0,672.0,190.0,918.32275390625,335.29534912109375,872.3931274414062,358.2398986816406,918.1334228515625,374.32647705078125,853.2779541015625,385.9815673828125,925.8355712890625,425.72027587890625,672.0,190.0,939.579833984375,456.0980529785156,855.0319213867188,441.31976318359375,888.0804443359375,446.6716613769531,845.6900634765625,480.61334228515625,896.4342651367188,488.1569519042969,801.682861328125,529.0924072265625,865.6302490234375,535.5805053710938
686.0,187.0,686.0,187.0,686.0,187.0,686.0,187.0,930.670654296875,334.73333740234375,883.88720703125,358.26202392578125,929.7734375,374.83941650390625,867.5350341796875,384.82562255859375,939.1107788085938,427.75946044921875,686.0,187.0,955.298095703125,454.8634338378906,867.8352661132812,444.7418518066406,901.704345703125,450.3088073730469,858.6011962890625,486.4140930175781,914.17529296875,493.5657653808594,808.1246948242188,536.3148803710938,881.76611328125,540.802734375
691.0,184.0,691.0,184.0,691.0,184.0,691.0,184.0,946.5776977539062,344.534423828125,901.7809448242188,367.19757080078125,946.1741943359375,379.986572265625,884.946044921875,395.79119873046875,955.24365234375,429.08648681640625,892.4481201171875,420.2576904296875,969.131591796875,457.0633850097656,885.6956787109375,446.9824523925781,917.0430297851562,450.8254699707031,874.8258056640625,493.1839599609375,919.1739501953125,498.7015075683594,837.42578125,540.6204833984375,890.0555419921875,544.8975219726562
712.0,195.0,712.0,195.0,712.0,195.0,712.0,195.0,961.9031982421875,352.60919189453125,918.3273315429688,374.60943603515625,961.3665771484375,391.364501953125,897.7237548828125,400.48626708984375,969.3111572265625,442.0171813964844,906.1392822265625,421.45458984375,988.6415405273438,464.4303283691406,901.484130859375,455.8153991699219,932.5233764648438,461.21722412109375,889.7996826171875,501.7100830078125,938.0709228515625,509.78533935546875,846.56005859375,546.0294189453125,909.847900390625,552.298095703125
726.0,198.0,726.0,198.0,726.0,198.0,726.0,198.0,980.7724609375,365.5260009765625,932.0046997070312,388.113525390625,979.4872436523438,403.65545654296875,913.0902099609375,408.08551025390625,991.360107421875,450.76043701171875,921.3115234375,429.9759521484375,1005.3571166992188,474.9269714355469,920.0174560546875,471.44219970703125,953.8555908203125,476.48773193359375,903.3637084960938,512.9638671875,954.7967529296875,520.2691040039062,858.301025390625,560.131591796875,924.808349609375,564.0601806640625
739.0,215.0,739.0,215.0,739.0,215.0,739.0,215.0,1003.275390625,379.79388427734375,953.7916870117188,400.4448547363281,1002.6163330078125,417.746337890625,937.6864013671875,421.31292724609375,1010.5595703125,467.48431396484375,951.3536987304688,440.87506103515625,1028.5244140625,488.9312744140625,937.1917114257812,482.83489990234375,971.1453247070312,488.47918701171875,928.9658813476562,522.0950927734375,974.1560668945312,530.0662841796875,889.3359985351562,568.9178466796875,940.533203125,573.7262573242188
761.0,232.0,761.0,232.0,761.0,232.0,761.0,232.0,1022.78369140625,391.634033203125,978.5469970703125,411.4024658203125,1021.5324096679688,429.69677734375,963.9616088867188,437.0136413574219,1031.9329833984375,479.8796691894531,972.0773315429688,462.71881103515625,1051.696044921875,501.040283203125,961.8857421875,489.1138610839844,993.8396606445312,495.2969055175781,950.6668701171875,535.07763671875,1003.582275390625,543.9324951171875,907.3209838867188,578.8490600585938,979.6561279296875,583.5979614257812
789.0,249.0,789.0,249.0,789.0,249.0,789.0,249.0,1040.74609375,393.0035400390625,994.4738159179688,414.58758544921875,1038.050048828125,431.4845886230469,990.8914794921875,444.09698486328125,1049.9434814453125,480.69757080078125,789.0,249.0,1071.0589599609375,503.4943542480469,972.7783813476562,493.7226257324219,1005.9774169921875,499.81329345703125,974.2591552734375,531.147216796875,1029.6551513671875,539.5072631835938,926.8701171875,578.9857177734375,1000.1522216796875,583.0496826171875
816.0,249.0,816.0,249.0,816.0,249.0,816.0,249.0,1056.771728515625,383.9057312011719,1011.75439453125,404.0758056640625,1055.066650390625,421.97271728515625,997.3676147460938,434.7549743652344,1064.3392333984375,468.82806396484375,816.0,249.0,1084.58740234375,489.18927001953125,993.466552734375,482.08868408203125,1026.0548095703125,488.434814453125,987.0235595703125,518.716552734375,1043.501953125,527.95849609375,945.76904296875,566.3287353515625,1020.9674682617188,570.2506103515625
831.0,236.0,831.0,236.0,831.0,236.0,831.0,236.0,1067.8006591796875,363.8009033203125,1022.9959106445312,385.9707336425781,1067.969970703125,403.0820007324219,1015.791259765625,414.0311279296875,1077.9052734375,451.86468505859375,831.0,236.0,1096.682373046875,472.7083435058594,1005.2892456054688,462.6722412109375,1039.5999755859375,468.5392150878906,998.408447265625,505.05645751953125,1056.00634765625,513.4619140625,954.4972534179688,549.823486328125,1031.0897216796875,553.9755859375
841.0,218.0,841.0,218.0,841.0,218.0,841.0,218.0,1062.4608154296875,304.23724365234375,1017.849609375,327.16973876953125,1062.73193359375,341.6050720214844,1005.8135986328125,359.31951904296875,1074.30615234375,386.64837646484375,841.0,218.0,1090.438720703125,409.11712646484375,1003.4151000976562,399.4041748046875,1036.6856689453125,404.5732421875,1000.2265625,440.88995361328125,1052.8951416015625,448.48431396484375,957.5933227539062,490.174072265625,1026.648193359375,492.9648132324219
844.0,151.0,844.0,151.0,844.0,151.0,844.0,151.0,1047.5810546875,221.0113067626953,1005.4266967773438,241.94943237304688,1049.0745849609375,257.7354736328125,992.377197265625,278.623291015625,1063.291748046875,303.72406005859375,989.9005126953125,329.533447265625,1083.1712646484375,324.8170471191406,993.27490234375,318.1090393066406,1024.893798828125,323.91259765625,989.98095703125,359.87774658203125,1040.375244140625,368.594970703125,956.222900390625,410.6696472167969,1019.2755126953125,412.5081481933594
848.0,73.0,848.0,73.0,848.0,73.0,848.0,73.0,1037.746337890625,177.03103637695312,994.594482421875,200.1759033203125,1040.55078125,212.33786010742188,980.2693481445312,230.41616821289062,1054.9771728515625,255.57273864746094,848.0,73.0,1074.4124755859375,281.2614440917969,986.3772583007812,275.335693359375,1019.647216796875,279.76495361328125,987.434326171875,317.0252685546875,1035.873291015625,322.2757568359375,956.3653564453125,369.18115234375,1018.6926879882812,370.4349365234375
850.0,29.0,850.0,29.0,850.0,29.0,850.0,29.0,1031.04833984375,180.48362731933594,990.0982666015625,203.12583923339844,1033.7313232421875,212.5802459716797,978.6763305664062,239.89930725097656,1052.9351806640625,256.0870361328125,850.0,29.0,1074.4583740234375,279.6636962890625,984.3223876953125,280.1631774902344,1015.5831298828125,283.853515625,984.2283325195312,324.2208557128906,1030.74365234375,328.7627868652344,959.069091796875,378.81207275390625,1018.8936767578125,378.4004821777344
860.0,32.0,860.0,32.0,860.0,32.0,1011.384033203125,161.591552734375,1034.5181884765625,163.87571716308594,998.7579345703125,190.45413208007812,1042.6591796875,197.97166442871094,984.6959228515625,222.12249755859375,1059.252197265625,240.00042724609375,860.0,32.0,1076.003173828125,262.7679748535156,997.6838989257812,265.1885070800781,1029.4029541015625,268.1982727050781,996.4808349609375,308.5898742675781,1042.9630126953125,312.6912536621094,974.1034545898438,360.59381103515625,1032.2073974609375,364.42645263671875
881.0,13.0,881.0,13.0,881.0,13.0,1028.7353515625,133.8275604248047,1051.9549560546875,135.66856384277344,1018.7276000976562,162.72283935546875,1061.0087890625,168.99008178710938,1003.5260009765625,194.7233428955078,1080.068115234375,211.4700164794922,1013.0043334960938,215.59889221191406,1097.5198974609375,233.54476928710938,1019.0496826171875,237.17857360839844,1049.169677734375,239.5242156982422,1016.28369140625,282.5813903808594,1060.0234375,286.06561279296875,998.4278564453125,336.6787414550781,1054.00390625,340.0362243652344
911.0,0.0,911.0,0.0,911.0,0.0,1042.38037109375,133.11817932128906,1067.35693359375,134.60739135742188,1033.083984375,163.52713012695312,1081.28271484375,166.9629364013672,1017.410888671875,197.2549285888672,1099.29931640625,207.1210479736328,1027.7486572265625,217.77685546875,1113.07080078125,229.0078125,1036.2733154296875,240.35580444335938,1069.969482421875,241.3120574951172,1031.2559814453125,284.2583312988281,1077.6083984375,286.4266662597656,1016.1061401367188,339.0770568847656,1068.956298828125,343.28045654296875
919.0,0.0,919.0,0.0,919.0,0.0,1064.183349609375,116.22957611083984,1088.1337890625,116.67011260986328,1055.8485107421875,147.58131408691406,1103.055908203125,149.78045654296875,1039.099609375,179.35406494140625,1123.980712890625,188.81683349609375,1049.2099609375,198.65872192382812,1133.0006103515625,213.79344177246094,1060.20654296875,222.84458923339844,1093.3385009765625,223.56121826171875,1058.693115234375,272.42926025390625,1102.642333984375,274.02069091796875,1038.25634765625,327.9002685546875,1091.9530029296875,330.7304992675781
0.0,0.0,0.0,0.0,0.0,0.0,0.0,0.0,1111.2083740234375,101.56770324707031,1079.445556640625,135.60699462890625,1123.343505859375,134.33819580078125,1062.8795166015625,176.07382202148438,1145.7652587890625,178.31089782714844,1072.4481201171875,185.83767700195312,1157.151123046875,199.88648986816406,1086.345947265625,214.83792114257812,1117.9884033203125,215.4451904296875,1080.9727783203125,262.807861328125,1127.73876953125,264.5220947265625,1058.23193359375,319.72607421875,1118.1072998046875,326.72271728515625
976.0,0.0,976.0,0.0,976.0,0.0,1107.8193359375,102.36572265625,1132.3580322265625,101.38099670410156,1099.396728515625,134.9891815185547,1147.250244140625,133.10174560546875,1081.16796875,169.479736328125,1170.8499755859375,171.95924377441406,1088.9442138671875,185.44073486328125,1178.4544677734375,199.9488525390625,1104.60498046875,209.59384155273438,1138.065185546875,208.80482482910156,1105.0087890625,263.06781005859375,1149.1416015625,261.9942626953125,1085.627685546875,321.3497619628906,1141.050537109375,322.1531982421875
999.0,0.0,999.0,0.0,999.0,0.0,1135.2261962890625,103.78380584716797,1157.194091796875,102.4012222290039,1128.15087890625,140.0842742919922,1175.084716796875,135.73951721191406,1109.5511474609375,177.78875732421875,1198.7366943359375,176.03504943847656,1119.7413330078125,189.7301788330078,1202.287109375,202.0439910888672,1135.499267578125,214.12808227539062,1168.223388671875,212.0795135498047,1135.92724609375,268.7930908203125,1180.9002685546875,266.3047180175781,1122.157470703125,325.7751159667969,1177.425537109375,326.0490417480469
1035.0,0.0,1035.0,0.0,1035.0,0.0,1157.9488525390625,114.03568267822266,1181.253662109375,111.81544494628906,1153.0386962890625,150.26197814941406,1200.2091064453125,144.3531036376953,1134.20751953125,189.20484924316406,1223.992431640625,183.94505310058594,1135.966064453125,206.24374389648438,1229.155029296875,210.99984741210938,1162.9971923828125,223.3322296142578,1195.66748046875,220.64529418945312,1161.674072265625,278.1419982910156,1205.9520263671875,274.7835693359375,1148.2232666015625,339.9508056640625,1202.717041015625,338.0731506347656
1063.0,0.0,1063.0,0.0,1063.0,0.0,1175.680419921875,147.8291778564453,1063.0,0.0,1172.3857421875,179.43582153320312,1215.2679443359375,174.4497833251953,1154.062744140625,216.73562622070312,1240.5443115234375,214.40802001953125,1155.77783203125,234.6253204345703,1247.745849609375,246.0271453857422,1184.1053466796875,257.9815979003906,1213.21630859375,255.9055633544922,1188.0166015625,313.30780029296875,1228.503662109375,310.0402526855469,1180.862548828125,376.9607849121094,1229.7550048828125,375.6785888671875
1083.0,0.0,1083.0,0.0,1083.0,0.0,1194.6903076171875,160.6819305419922,1219.0618896484375,156.81385803222656,1193.01220703125,194.120849609375,1239.14892578125,186.3192596435547,1178.97216796875,234.1970672607422,1264.8251953125,235.7266845703125,1176.6781005859375,220.08872985839844,1276.678466796875,264.0256652832031,1206.5732421875,268.8935241699219,1238.3497314453125,266.12847900390625,1209.479248046875,326.874267578125,1254.8812255859375,320.3829040527344,1204.4595947265625,388.4033203125,1258.304443359375,385.1973571777344
1102.0,0.0,1102.0,0.0,1102.0,0.0,1208.2835693359375,151.48045349121094,1102.0,0.0,1207.1458740234375,185.46803283691406,1252.6324462890625,175.74574279785156,1188.978271484375,218.52561950683594,1279.4781494140625,217.70428466796875,1187.715576171875,206.54476928710938,1288.6976318359375,245.05613708496094,1224.657958984375,261.9328308105469,1254.61669921875,257.9592590332031,1231.5565185546875,317.2760925292969,1269.7437744140625,309.18267822265625,1234.458984375,380.3224792480469,1277.937744140625,377.0415344238281
1109.0,0.0,1109.0,0.0,1109.0,0.0,1212.3037109375,139.2051239013672,1109.0,0.0,1210.577880859375,171.61703491210938,1254.4202880859375,159.9566650390625,1191.986083984375,203.64956665039062,1283.7362060546875,198.47610473632812,1182.351806640625,196.84080505371094,1294.423583984375,233.3406219482422,1227.802734375,247.88348388671875,1256.3876953125,243.03285217285156,1235.255126953125,305.07171630859375,1276.5089111328125,295.0122375488281,1246.539306640625,364.187255859375,1292.2471923828125,359.35174560546875
1101.0,0.0,1101.0,0.0,1101.0,0.0,1218.7119140625,146.22116088867188,1101.0,0.0,1217.548095703125,177.70687866210938,1258.73876953125,167.8616180419922,1197.933837890625,207.1388397216797,1289.2454833984375,202.3331298828125,1187.582275390625,207.67613220214844,1302.5980224609375,235.16787719726562,1234.3028564453125,253.799560546875,1261.2034912109375,249.9482879638672,1244.3189697265625,309.6142883300781,1286.9132080078125,301.77679443359375,1258.2933349609375,369.26690673828125,1308.643310546875,366.1465148925781
1097.0,0.0,1097.0,0.0,1097.0,0.0,1214.2808837890625,175.21202087402344,1097.0,0.0,1212.3897705078125,207.01258850097656,1256.060791015625,194.9191131591797,1193.966552734375,238.52137756347656,1287.6865234375,229.8074188232422,1182.0521240234375,235.70578002929688,1301.480712890625,263.65692138671875,1232.0977783203125,283.3700866699219,1260.419189453125,278.6714782714844,1241.299072265625,338.9524230957031,1284.49072265625,328.8274230957031,1260.542236328125,393.427734375,1311.8634033203125,387.4687194824219
1086.0,13.0,1086.0,13.0,1086.0,13.0,1207.2093505859375,217.76295471191406,1086.0,13.0,1203.628173828125,251.47384643554688,1243.48095703125,238.05548095703125,1182.7337646484375,283.52154541015625,1273.776611328125,268.6567077636719,1170.6632080078125,287.3633728027344,1294.177978515625,300.19671630859375,1228.150634765625,326.8084716796875,1253.8753662109375,321.9039306640625,1232.4180908203125,378.65521240234375,1278.31201171875,368.70599365234375,1255.310791015625,433.28253173828125,1310.000244140625,426.5672912597656
1067.0,61.0,1067.0,61.0,1067.0,61.0,1191.6187744140625,263.6517028808594,1067.0,61.0,1189.8409423828125,293.38739013671875,1230.5677490234375,279.74090576171875,1168.8978271484375,326.843994140625,1262.8424072265625,307.8354187011719,1154.7464599609375,329.361083984375,1277.5625,340.1075744628906,1213.3997802734375,366.4903564453125,1238.700927734375,361.91851806640625,1226.0474853515625,416.6794738769531,1263.60107421875,407.3775939941406,1257.7550048828125,467.33074951171875,1297.906005859375,463.7178955078125
1046.0,110.0,1046.0,110.0,1046.0,110.0,1173.22265625,295.0216979980469,1046.0,110.0,1171.3067626953125,324.24603271484375,1209.9085693359375,310.0986328125,1148.855712890625,356.19854736328125,1241.31640625,335.6164245605469,1133.9107666015625,365.95501708984375,1260.4967041015625,367.60992431640625,1200.737060546875,398.26678466796875,1224.6651611328125,393.56549072265625,1206.21484375,445.0484924316406,1244.3629150390625,435.5235595703125,1239.1671142578125,494.19647216796875,1284.4268798828125,488.7422790527344
1022.0,145.0,1022.0,145.0,1022.0,145.0,1154.332275390625,295.93572998046875,1022.0,145.0,1150.554443359375,325.70306396484375,1189.3099365234375,310.013916015625,1127.4622802734375,359.353515625,1218.8504638671875,333.5035400390625,1113.1474609375,370.20159912109375,1234.534912109375,365.1379699707031,1180.8966064453125,399.47772216796875,1204.8270263671875,394.20513916015625,1185.36962890625,444.2797546386719,1224.495849609375,433.8091735839844,1219.276611328125,486.88482666015625,1260.3687744140625,481.0708923339844
999.0,150.0,1125.3028564453125,287.53076171875,999.0,150.0,1132.1953125,289.34759521484375,999.0,150.0,1134.1988525390625,318.4041748046875,1165.58447265625,307.68280029296875,1112.708984375,356.00811767578125,1193.597412109375,332.65753173828125,1099.972412109375,372.332763671875,1202.149658203125,355.99639892578125,1172.31787109375,386.18682861328125,1187.94677734375,384.5382080078125,1191.7723388671875,430.3162536621094,1195.79443359375,426.6340637207031,1234.56005859375,473.5334777832031,1222.11767578125,473.8349914550781
986.0,142.0,986.0,142.0,986.0,142.0,1106.48876953125,295.1959533691406,986.0,142.0,1108.0277099609375,323.627197265625,1150.68212890625,307.2876281738281,1092.1368408203125,366.99383544921875,1177.250244140625,337.2391357421875,1074.9107666015625,378.0228576660156,1182.399658203125,368.10888671875,1151.6026611328125,392.5118713378906,1176.8114013671875,388.1557922363281,1166.650146484375,436.56829833984375,1188.0379638671875,426.2459716796875,1207.64208984375,474.8265075683594,1219.958740234375,465.4930725097656
966.0,156.0,966.0,156.0,966.0,156.0,1077.2591552734375,297.4903564453125,966.0,156.0,1081.59521484375,324.5999755859375,1120.12841796875,305.94451904296875,1071.2064208984375,367.83892822265625,1149.503173828125,336.06121826171875,1052.2208251953125,385.1814270019531,966.0,156.0,1127.4498291015625,387.7850341796875,1152.537841796875,381.2760009765625,1122.564453125,436.0260314941406,1163.62744140625,423.1767272949219,1162.0513916015625,472.45068359375,1215.591064453125,460.4151611328125
943.0,161.0,943.0,161.0,943.0,161.0,1053.2977294921875,295.56195068359375,943.0,161.0,1058.280517578125,319.5082092285156,1097.390625,300.259521484375,1048.5198974609375,367.8625793457031,1123.2918701171875,333.7145080566406,1030.6453857421875,383.4315185546875,943.0,161.0,1107.6868896484375,386.0188293457031,1132.4918212890625,379.54949951171875,1103.2877197265625,427.3594055175781,1136.82568359375,413.17431640625,1148.7950439453125,458.782470703125,1180.697265625,446.47027587890625
919.0,160.0,919.0,160.0,919.0,160.0,1028.507568359375,296.7077941894531,919.0,160.0,1035.5106201171875,320.028076171875,1071.4476318359375,297.7406005859375,1027.3165283203125,369.1141662597656,1092.3280029296875,324.08575439453125,1010.2577514648438,384.4073486328125,919.0,160.0,1089.558349609375,384.46319580078125,1111.714599609375,377.234375,1087.8427734375,421.57684326171875,1112.383544921875,406.68988037109375,1136.2945556640625,452.98388671875,1155.880615234375,439.83837890625
902.0,158.0,1005.524658203125,296.3990478515625,902.0,158.0,1013.099853515625,291.0782470703125,902.0,158.0,1020.3317260742188,313.5152282714844,1053.8822021484375,293.7790832519531,1012.3429565429688,366.05535888671875,1074.1954345703125,328.5488586425781,996.3285522460938,384.14215087890625,902.0,158.0,1071.9078369140625,378.54937744140625,1093.3292236328125,372.31488037109375,1068.0609130859375,417.6472473144531,1097.534912109375,404.30731201171875,1111.47412109375,446.5526123046875,1139.4803466796875,434.7857666015625
890.0,162.0,890.0,162.0,890.0,162.0,1000.146240234375,289.9378967285156,890.0,162.0,1007.3716430664062,313.96282958984375,1042.4398193359375,293.5638732910156,1004.847412109375,368.21246337890625,1057.38525390625,331.2693176269531,984.9059448242188,385.51422119140625,890.0,162.0,1055.1929931640625,374.9814453125,1079.71875,367.64373779296875,1046.4969482421875,417.01483154296875,1086.061279296875,400.805419921875,1083.95556640625,446.47308349609375,1127.586181640625,430.3043212890625
883.0,164.0,883.0,164.0,883.0,164.0,989.23095703125,292.32232666015625,883.0,164.0,995.0363159179688,318.1087646484375,1032.61767578125,296.8108215332031,991.3558959960938,372.33392333984375,1048.2139892578125,333.4368896484375,973.9597778320312,386.057373046875,883.0,164.0,1047.819091796875,380.72216796875,1072.935302734375,373.3258056640625,1037.595947265625,415.47564697265625,1070.474609375,399.41693115234375,1079.207275390625,444.3380432128906,1111.7802734375,427.4804382324219
875.0,165.0,969.775634765625,295.728759765625,875.0,165.0,977.2301635742188,291.7518310546875,875.0,165.0,984.081298828125,315.46160888671875,1020.0843505859375,296.08038330078125,983.6661376953125,371.3074951171875,1035.5767822265625,336.9287109375,964.8336791992188,392.37750244140625,875.0,165.0,1032.662841796875,377.53192138671875,1057.6669921875,370.03729248046875,1020.26318359375,417.700439453125,1059.5364990234375,401.065185546875,1054.724365234375,446.8853454589844,1097.2781982421875,427.632568359375
870.0,167.0,955.2901611328125,301.1856689453125,870.0,167.0,963.292236328125,296.8466796875,870.0,167.0,970.3221435546875,320.3443298339844,1003.9970703125,300.6673583984375,968.5247802734375,376.2808837890625,1017.0748291015625,340.9248046875,953.6519775390625,395.7383117675781,870.0,167.0,1020.3161010742188,380.8189697265625,1043.832275390625,373.530029296875,1003.3922729492188,422.3662109375,1041.3662109375,406.3826904296875,1043.8560791015625,449.633544921875,1082.7315673828125,433.244140625
859.0,174.0,938.0409545898438,306.4316711425781,859.0,174.0,946.3651733398438,303.3702697753906,859.0,174.0,952.00927734375,329.6090087890625,987.28955078125,307.2876281738281,950.4371337890625,385.01153564453125,859.0,174.0,934.0857543945312,402.7802734375,859.0,174.0,1001.49365234375,391.11322021484375,1026.284912109375,382.41802978515625,982.3114624023438,427.0064392089844,1019.0259399414062,409.6568298339844,1024.26708984375,453.4560546875,1062.37890625,434.6441345214844
844.0,181.0,924.1284790039062,308.94744873046875,844.0,181.0,931.16455078125,305.34033203125,844.0,181.0,937.8530883789062,330.38299560546875,968.1633911132812,309.44183349609375,938.476318359375,383.9833984375,984.5739135742188,342.6764831542969,920.14306640625,405.31732177734375,844.0,181.0,984.8093872070312,390.96319580078125,1005.49853515625,382.8436279296875,969.7698364257812,429.17401123046875,1004.10888671875,412.8898010253906,1011.0469970703125,455.4161071777344,1047.3251953125,439.3763732910156
902.6893310546875,319.0614929199219,904.3655395507812,314.828857421875,829.0,184.0,915.1576538085938,312.0557556152344,829.0,184.0,922.5381469726562,335.8211364746094,947.79638671875,318.0692138671875,920.611083984375,387.84423828125,954.788818359375,353.3528747558594,903.2675170898438,410.77783203125,829.0,184.0,968.4404296875,392.58880615234375,986.0089111328125,385.844970703125,952.5969848632812,438.5802001953125,985.380859375,423.9046936035156,1002.206787109375,462.5163269042969,1033.0103759765625,448.6053771972656
811.0,190.0,884.3978881835938,323.6934814453125,811.0,190.0,893.358642578125,319.745361328125,811.0,190.0,905.1832885742188,342.06402587890625,924.38525390625,332.0531921386719,903.31787109375,392.37255859375,926.6246948242188,372.50628662109375,881.9854125976562,421.39990234375,811.0,190.0,952.6502685546875,401.78875732421875,966.72119140625,398.3648681640625,931.5050048828125,441.4515380859375,963.9613037109375,432.21466064453125,977.8026123046875,473.59332275390625,1011.03662109375,463.8318176269531
865.7564086914062,336.91363525390625,867.6417236328125,331.68084716796875,792.0,197.0,877.528076171875,328.65240478515625,792.0,197.0,886.0645141601562,352.82379150390625,904.1890869140625,341.509521484375,880.2828369140625,406.41021728515625,907.4345703125,383.6666259765625,864.5001220703125,430.54449462890625,901.4652099609375,420.71380615234375,932.8804931640625,409.98138427734375,946.0078125,406.63262939453125,915.913818359375,455.75775146484375,945.074462890625,446.75701904296875,961.2908935546875,487.80474853515625,987.8297729492188,480.070068359375
855.5519409179688,352.45684814453125,856.85400390625,347.6951904296875,768.0,204.0,864.0631713867188,345.5141296386719,768.0,204.0,871.7154541015625,369.870849609375,896.3555297851562,355.70135498046875,866.38232421875,417.7416687011719,901.2413940429688,389.5651550292969,849.7870483398438,445.0616760253906,891.0755615234375,429.863525390625,917.6265869140625,427.92138671875,936.0936279296875,422.72039794921875,890.3153686523438,472.6035461425781,930.1343383789062,461.0715026855469,933.096923828125,505.5063781738281,977.4769897460938,495.0636291503906
834.1036376953125,385.898193359375,834.9562377929688,380.824951171875,758.0,221.0,842.6649780273438,377.7915954589844,758.0,221.0,852.37939453125,401.7654724121094,871.1934204101562,390.6571044921875,842.5098876953125,451.5445861816406,873.9667358398438,427.94708251953125,825.7496337890625,477.5579833984375,860.8670043945312,464.63214111328125,899.1698608398438,460.75341796875,910.1854248046875,457.3406982421875,886.64111328125,502.5059509277344,894.4501953125,494.35382080078125,936.3124389648438,540.068359375,932.7996826171875,532.8230590820312
734.0,252.0,811.6311645507812,375.4237365722656,734.0,252.0,817.036865234375,373.734619140625,734.0,252.0,823.0188598632812,401.3097229003906,854.522216796875,378.5828857421875,817.9608764648438,451.92156982421875,861.0647583007812,403.1649169921875,799.0133056640625,465.5804443359375,851.7208862304688,429.06683349609375,868.5609130859375,460.94512939453125,890.5166015625,452.40960693359375,848.6234741210938,504.05035400390625,882.5237426757812,488.252685546875,885.1511840820312,537.1007080078125,916.8615112304688,523.490478515625
713.0,245.0,713.0,245.0,713.0,245.0,794.56298828125,388.25201416015625,713.0,245.0,803.3212890625,412.34588623046875,832.72509765625,392.4585876464844,794.0922241210938,461.42706298828125,838.2749633789062,417.3946533203125,779.0543212890625,479.187744140625,824.1649169921875,442.79779052734375,847.2596435546875,475.995361328125,868.1883544921875,468.82476806640625,827.63330078125,519.7125854492188,862.6458129882812,506.86212158203125,859.0567626953125,557.8790893554688,899.3345947265625,546.7275390625
767.7152709960938,427.30084228515625,769.2127685546875,422.5889892578125,685.0,259.0,778.798583984375,420.5424499511719,685.0,259.0,784.7891235351562,445.0928039550781,812.2789916992188,431.395751953125,772.2294311523438,490.3437194824219,814.7465209960938,466.5565185546875,758.7410888671875,510.5985107421875,799.0721435546875,505.82379150390625,824.634765625,509.5640563964844,844.3517456054688,504.57366943359375,808.16748046875,555.0109252929688,843.0363159179688,544.3553466796875,839.0574340820312,594.1881103515625,876.0433959960938,584.9588623046875
748.0216674804688,489.1349182128906,749.1087646484375,484.3474426269531,662.0,292.0,758.109375,484.02874755859375,662.0,292.0,765.48828125,508.87884521484375,792.08349609375,501.0174865722656,750.6011962890625,551.8352661132812,791.7552490234375,539.12841796875,732.5322265625,567.9217529296875,774.623046875,567.2384033203125,802.4700927734375,572.2474365234375,822.3272094726562,569.9735107421875,786.4702758789062,615.0220336914062,822.8493041992188,609.5458374023438,810.1043090820312,660.1640625,851.58642578125,654.6942749023438
638.0,352.0,638.0,352.0,638.0,352.0,736.6727294921875,536.5380249023438,638.0,352.0,742.6023559570312,562.548583984375,774.192626953125,549.497314453125,728.8958740234375,605.8831787109375,783.0650634765625,586.9857177734375,706.7626953125,614.4918212890625,772.9774169921875,623.2591552734375,779.8716430664062,627.63037109375,800.8871459960938,623.032470703125,772.5109252929688,676.9346923828125,798.0748291015625,666.37451171875,798.974365234375,718.9544677734375,822.16162109375,709.1617431640625
717.8634033203125,568.2530517578125,719.0464477539062,563.3817749023438,614.0,402.0,729.4492797851562,562.71142578125,614.0,402.0,735.9328002929688,587.1476440429688,760.5929565429688,583.1404418945312,714.6288452148438,625.6983642578125,765.2528686523438,624.4056396484375,692.7627563476562,639.7859497070312,753.9033203125,653.8002319335938,764.9411010742188,657.0292358398438,782.1138916015625,656.1122436523438,755.7293090820312,698.8011474609375,785.2561645507812,696.1234130859375,772.5215454101562,748.2385864257812,807.3342895507812,745.56787109375
599.0,428.0,599.0,428.0,599.0,428.0,716.614013671875,597.2247314453125,599.0,428.0,718.122802734375,623.0946655273438,753.5963134765625,613.3410034179688,695.1497802734375,660.6119384765625,760.6627197265625,652.4940185546875,676.9443359375,667.709716796875,749.3848876953125,688.6207275390625,748.0489501953125,690.395263671875,772.3423461914062,687.0562744140625,736.6329345703125,734.583984375,769.41455078125,727.2374267578125,751.7093505859375,785.1300048828125,787.4149780273438,778.5029296875
591.0,456.0,591.0,456.0,591.0,456.0,705.13916015625,629.3766479492188,591.0,456.0,705.6156005859375,655.1880493164062,741.345703125,645.4385375976562,680.73388671875,688.849365234375,756.8629150390625,680.249755859375,665.322021484375,701.37158203125,751.1576538085938,716.3148193359375,732.6978759765625,722.78076171875,756.4632568359375,719.0455932617188,722.4678955078125,772.298583984375,753.5661010742188,764.9229736328125,734.3984375,820.2083740234375,774.1531372070312,813.4440307617188
585.0,485.0,692.4443359375,640.3629760742188,585.0,485.0,699.0642700195312,641.06298828125,585.0,485.0,695.7088623046875,667.3759765625,734.0604858398438,657.6710205078125,670.6575927734375,700.8101806640625,750.2511596679688,689.1151123046875,656.209228515625,711.6486206054688,743.5109252929688,716.9342651367188,716.7906494140625,738.7001953125,742.2021484375,735.2896728515625,714.0648193359375,788.3350219726562,746.0402221679688,781.994873046875,725.580810546875,837.6318359375,761.9236450195312,831.4039306640625
575.0,495.0,575.0,495.0,575.0,495.0,685.7366943359375,622.8851928710938,575.0,495.0,681.60302734375,648.5628051757812,728.0321655273438,640.3017578125,661.4620361328125,682.3173828125,743.864013671875,668.337158203125,643.6735229492188,693.6456298828125,737.466064453125,688.4295654296875,704.6661376953125,718.8278198242188,734.888916015625,716.21923828125,701.1483154296875,769.835693359375,735.8772583007812,764.8524169921875,714.3555908203125,823.2569580078125,747.6212158203125,816.5050048828125
570.0,473.0,570.0,473.0,570.0,473.0,673.1351318359375,623.2356567382812,570.0,473.0,667.2620849609375,650.2786865234375,714.225341796875,644.50390625,651.9811401367188,682.47607421875,730.4481201171875,675.2066650390625,638.4954833984375,695.6241455078125,723.2332153320312,694.304443359375,689.0810546875,719.26513671875,720.5299072265625,717.9684448242188,692.2493896484375,768.187255859375,727.164794921875,764.2298583984375,703.6196899414062,822.360107421875,738.141845703125,815.282470703125
559.0,472.0,559.0,472.0,559.0,472.0,655.8983154296875,626.29052734375,559.0,472.0,652.478271484375,654.9498291015625,694.59716796875,648.5029296875,631.6309814453125,686.616455078125,715.7208862304688,676.4874877929688,619.78173828125,704.17822265625,706.7781372070312,699.6998291015625,671.8883056640625,726.2352294921875,699.9072265625,723.6192016601562,668.0819091796875,775.0942993164062,701.26416015625,771.0696411132812,681.3075561523438,825.5053100585938,724.3089599609375,821.5581665039062
542.0,478.0,542.0,478.0,542.0,478.0,631.9595336914062,629.7239990234375,542.0,478.0,628.059326171875,656.3438110351562,670.7548217773438,651.2698974609375,612.385009765625,689.195068359375,686.1143798828125,684.4963989257812,596.3365478515625,705.2384643554688,679.9529418945312,710.7910766601562,644.978515625,725.5193481445312,673.753173828125,723.6259765625,641.4788818359375,772.523681640625,677.8397827148438,768.4376220703125,654.3140869140625,824.9295654296875,691.8275146484375,818.280029296875
520.0,484.0,520.0,484.0,520.0,484.0,604.4872436523438,620.447021484375,520.0,484.0,601.9854125976562,647.4906005859375,642.812744140625,643.1204833984375,584.5060424804688,678.9531860351562,662.0963745117188,677.9376220703125,569.9910278320312,697.782470703125,654.824951171875,705.826904296875,617.8920288085938,716.4771728515625,645.0501708984375,714.0239868164062,609.0276489257812,762.110595703125,637.9226684570312,757.7607421875,617.501220703125,813.398193359375,653.7320556640625,805.9093627929688
502.0,477.0,502.0,477.0,502.0,477.0,580.5028076171875,613.079345703125,502.0,477.0,578.0700073242188,637.5955810546875,617.2911987304688,635.5465698242188,558.9483032226562,668.4859008789062,636.6043701171875,671.5931396484375,546.8637084960938,693.35888671875,632.523193359375,701.994384765625,591.380615234375,707.015380859375,617.0149536132812,704.8762817382812,578.5426635742188,752.2703857421875,607.8134155273438,749.41552734375,588.8789672851562,804.8306884765625,622.9818115234375,797.7003784179688
481.0,470.0,481.0,470.0,481.0,470.0,554.093505859375,597.7999877929688,481.0,470.0,553.590087890625,622.359619140625,593.2565307617188,620.6838989257812,536.688232421875,655.37841796875,610.150634765625,659.6986083984375,522.8795776367188,677.9520263671875,606.1890869140625,689.292724609375,564.401611328125,693.5948486328125,590.1074829101562,691.0673828125,549.6084594726562,734.7464599609375,579.822265625,731.4478759765625,556.0363159179688,785.7037353515625,588.1121826171875,779.6204833984375
458.0,455.0,458.0,455.0,458.0,455.0,530.03857421875,557.8014526367188,458.0,455.0,526.957275390625,583.599609375,565.86962890625,583.6241455078125,507.359130859375,615.9667358398438,580.9800415039062,622.6401977539062,499.72174072265625,642.79833984375,578.321533203125,652.746337890625,534.6080322265625,653.0194091796875,560.4088745117188,651.8344116210938,523.7511596679688,694.5770874023438,552.718994140625,694.1998901367188,527.0208129882812,747.0753784179688,557.8475341796875,744.329345703125
437.0,414.0,437.0,414.0,437.0,414.0,505.443359375,527.9151000976562,437.0,414.0,501.12005615234375,553.798583984375,543.9446411132812,553.6094970703125,482.0881042480469,584.450927734375,557.484375,589.4332885742188,475.3480529785156,610.2335205078125,555.8623657226562,618.259765625,505.45892333984375,622.1353759765625,533.784912109375,620.642822265625,495.08612060546875,665.1384887695312,525.6559448242188,664.6895751953125,493.99090576171875,714.0747680664062,524.7152099609375,711.0220947265625
415.0,385.0,415.0,385.0,415.0,385.0,489.280029296875,517.5506591796875,515.0479736328125,519.1019897460938,477.2918395996094,543.4467163085938,523.302490234375,547.5671997070312,461.0036315917969,575.411865234375,537.5399169921875,583.8206787109375,461.6006164550781,601.8041381835938,539.9573364257812,608.91162109375,482.49798583984375,609.5340576171875,513.2935791015625,610.8336791992188,474.17193603515625,653.6029663085938,504.29888916015625,655.751953125,469.85504150390625,704.2796020507812,498.58917236328125,706.8292236328125
400.0,373.0,400.0,373.0,400.0,373.0,474.32049560546875,501.048828125,500.1133117675781,502.6579895019531,463.5420837402344,525.6019897460938,506.8125915527344,530.2586059570312,447.45587158203125,556.0884399414062,520.5343017578125,565.0339965820312,446.0951232910156,586.8115844726562,523.5936279296875,592.8734130859375,468.1697692871094,589.6532592773438,497.117431640625,591.0253295898438,457.6083068847656,631.06884765625,486.77508544921875,633.5611572265625,449.5643005371094,680.2660522460938,480.0530700683594,682.2918701171875
383.0,360.0,383.0,360.0,383.0,360.0,465.6137390136719,476.1686706542969,490.73333740234375,479.06903076171875,453.68182373046875,499.6531066894531,496.35650634765625,507.62713623046875,435.5980224609375,528.4915771484375,505.77825927734375,544.829833984375,433.2269287109375,560.4647216796875,506.22991943359375,573.7648315429688,453.20355224609375,564.4922485351562,481.9937438964844,566.9090576171875,441.2670593261719,603.951171875,472.2742919921875,608.087890625,430.9554138183594,652.2097778320312,463.387451171875,655.5313110351562
366.0,341.0,366.0,341.0,366.0,341.0,459.7015380859375,441.74761962890625,483.32623291015625,444.50897216796875,449.3434143066406,467.85906982421875,489.4749755859375,475.40533447265625,430.3232727050781,497.38897705078125,498.3687744140625,513.6089477539062,428.7518310546875,528.1893310546875,500.844482421875,543.5800170898438,446.4456787109375,530.276611328125,473.31890869140625,532.34033203125,435.458984375,568.2664184570312,463.5717468261719,572.474365234375,421.9604187011719,610.6530151367188,451.75323486328125,614.8358764648438
355.0,314.0,355.0,314.0,355.0,314.0,355.0,314.0,482.8307800292969,401.73260498046875,451.9813232421875,426.185546875,488.29302978515625,431.987060546875,431.8793029785156,457.2474670410156,496.7210998535156,470.84283447265625,427.3751220703125,486.7039794921875,497.39178466796875,498.3061218261719,448.4585266113281,483.88134765625,473.2139587402344,485.0785827636719,432.41015625,522.50732421875,460.7351379394531,525.758056640625,411.0566101074219,566.8994750976562,442.8132629394531,570.5682373046875
339.0,277.0,339.0,277.0,339.0,277.0,339.0,277.0,481.7881774902344,359.19482421875,453.68853759765625,378.99505615234375,487.8311462402344,384.2657470703125,434.1972351074219,409.57958984375,498.59393310546875,422.61163330078125,430.0352478027344,440.03192138671875,498.8256530761719,457.50262451171875,450.20452880859375,438.583984375,473.27899169921875,439.4739990234375,431.5694885253906,474.676025390625,461.0795593261719,476.78216552734375,410.166259765625,515.685791015625,439.9387512207031,520.4520874023438
336.0,242.0,336.0,242.0,336.0,242.0,475.2222900390625,320.4642028808594,498.3086853027344,322.5911560058594,462.90521240234375,344.3433837890625,502.78985595703125,349.8914489746094,445.1077880859375,376.838623046875,505.78778076171875,390.1951904296875,446.3575439453125,407.21514892578125,506.0494384765625,418.18121337890625,454.81500244140625,403.31866455078125,483.0242919921875,404.3457336425781,434.5052795410156,437.0349426269531,470.2158203125,439.92706298828125,409.12261962890625,481.4111328125,448.85064697265625,483.40167236328125
321.0,204.0,321.0,204.0,321.0,204.0,321.0,204.0,513.6696166992188,275.9759216308594,479.83984375,296.7448425292969,515.2953491210938,304.0413818359375,462.5820007324219,329.20611572265625,520.7347412109375,344.25799560546875,462.37652587890625,360.04351806640625,521.4110717773438,371.7341613769531,470.41802978515625,358.8464660644531,495.65576171875,360.5059814453125,446.6358337402344,393.7003173828125,482.92706298828125,397.43975830078125,413.8614501953125,430.48211669921875,456.20458984375,434.47283935546875
0.0,0.0,0.0,0.0,0.0,0.0,0.0,0.0,532.3697509765625,242.28024291992188,503.33984375,264.2808532714844,536.4808349609375,268.00616455078125,484.43438720703125,296.447998046875,540.3289184570312,306.6460876464844,482.76971435546875,323.9466857910156,537.9063720703125,338.2832946777344,488.03839111328125,322.5895690917969,511.5248107910156,322.0969543457031,465.2780456542969,353.0731201171875,495.7731628417969,355.09478759765625,430.5011901855469,384.9716491699219,462.89935302734375,390.98175048828125
322.0,130.0,322.0,130.0,322.0,130.0,322.0,130.0,557.8186645507812,223.31982421875,523.5247192382812,236.79238891601562,558.1470336914062,247.88525390625,501.87261962890625,265.353515625,553.8037109375,289.1386413574219,322.0,130.0,553.2080078125,316.04217529296875,502.7650451660156,293.9859313964844,527.279296875,296.86669921875,482.5064697265625,323.5335693359375,516.4892578125,330.7699279785156,440.66986083984375,356.0804748535156,480.57794189453125,366.633544921875
328.0,117.0,328.0,117.0,328.0,117.0,328.0,117.0,568.67578125,225.55328369140625,536.9633178710938,237.13427734375,570.1334228515625,250.09877014160156,328.0,117.0,561.4563598632812,298.3592529296875,328.0,117.0,551.87451171875,324.64361572265625,513.2674560546875,288.493896484375,538.6778564453125,292.3121337890625,494.14178466796875,315.2041931152344,538.6769409179688,323.9983215332031,438.9584045410156,348.080322265625,498.54095458984375,360.0775146484375
321.0,110.0,321.0,110.0,321.0,110.0,321.0,110.0,578.7715454101562,208.67816162109375,541.3796997070312,219.62074279785156,573.663818359375,233.597412109375,521.6138305664062,246.88558959960938,570.636474609375,276.9132080078125,523.96728515625,275.85601806640625,570.5879516601562,304.1488037109375,517.8035278320312,279.3265380859375,539.077392578125,283.51922607421875,506.7530517578125,303.8387756347656,530.9188842773438,310.99591064453125,462.03631591796875,331.5318603515625,489.5587463378906,335.44195556640625
348.0,104.0,348.0,104.0,348.0,104.0,348.0,104.0,576.9049682617188,210.34689331054688,543.5377807617188,220.79299926757812,572.7974243164062,233.07888793945312,524.8827514648438,247.87753295898438,566.8871459960938,276.810302734375,348.0,104.0,568.9163208007812,306.6398010253906,518.0513916015625,273.3477478027344,537.331787109375,277.2724609375,510.9437255859375,300.11572265625,535.564453125,307.0723876953125,465.8177795410156,326.17041015625,490.3780517578125,332.0288391113281
352.0,102.0,352.0,102.0,352.0,102.0,553.233642578125,206.2991485595703,575.6427001953125,211.1750946044922,542.021728515625,227.74285888671875,576.3853149414062,238.52984619140625,519.4651489257812,262.62957763671875,565.069091796875,284.6318359375,352.0,102.0,549.5496215820312,314.01458740234375,521.0025024414062,285.76007080078125,545.9683837890625,288.13787841796875,503.387451171875,302.119140625,534.9863891601562,308.85015869140625,468.4251403808594,328.6036376953125,506.0562744140625,335.7408142089844
378.0,110.0,378.0,110.0,378.0,110.0,378.0,110.0,584.9552612304688,212.6754913330078,554.01123046875,223.44729614257812,583.9703369140625,236.58450317382812,537.0609130859375,247.95985412597656,576.7742309570312,277.2620544433594,378.0,110.0,571.455810546875,305.94781494140625,532.3487548828125,283.825927734375,551.967529296875,286.51873779296875,512.6403198242188,304.40985107421875,529.6749267578125,310.4383850097656,482.7183837890625,325.0268859863281,495.21539306640625,330.8915100097656
382.0,114.0,382.0,114.0,382.0,114.0,583.34716796875,232.142822265625,382.0,114.0,573.36279296875,250.19215393066406,599.3535766601562,263.64361572265625,548.6019287109375,271.7117919921875,591.3289184570312,304.55194091796875,542.9803466796875,294.80291748046875,586.2123413085938,329.71173095703125,552.6726684570312,310.1531982421875,572.5064697265625,313.5575866699219,529.0052490234375,330.95379638671875,566.684326171875,338.42333984375,493.5811462402344,357.8837890625,545.3822021484375,365.7792053222656
402.0,146.0,402.0,146.0,402.0,146.0,402.0,146.0,607.1412353515625,257.46612548828125,578.1824951171875,269.6612243652344,604.623291015625,281.48492431640625,556.845947265625,291.74053955078125,597.998291015625,318.8303527832031,402.0,146.0,597.995849609375,345.65582275390625,558.389892578125,326.42889404296875,578.7529296875,329.75244140625,539.4751586914062,350.83526611328125,577.9613037109375,357.2969665527344,503.6062927246094,378.24395751953125,557.8048095703125,384.8358459472656
412.0,167.0,412.0,167.0,412.0,167.0,609.683349609375,270.6123046875,624.5301513671875,273.408447265625,598.8026123046875,290.13031005859375,623.8160400390625,296.64599609375,576.71044921875,313.871826171875,619.1282958984375,326.27325439453125,412.0,167.0,412.0,167.0,582.7939453125,340.657470703125,602.3893432617188,342.1808776855469,561.2928466796875,365.9052734375,598.8468627929688,370.8472900390625,526.3375244140625,395.1654052734375,580.531494140625,400.485107421875
443.0,181.0,443.0,181.0,443.0,181.0,630.9408569335938,303.9876403808594,443.0,181.0,622.2037353515625,324.46783447265625,649.3526611328125,333.7466125488281,599.9723510742188,353.4744873046875,643.03857421875,371.6409912109375,597.2799072265625,385.1169738769531,443.0,181.0,603.4337768554688,379.00006103515625,624.6146850585938,381.51202392578125,585.1802368164062,402.182373046875,624.9844360351562,409.59674072265625,547.0134887695312,426.7103271484375,601.9781494140625,434.09832763671875
453.0,214.0,453.0,214.0,453.0,214.0,453.0,214.0,659.5941162109375,278.281494140625,636.972900390625,295.26116943359375,659.8826293945312,298.42437744140625,620.1329345703125,326.7102355957031,656.695068359375,336.49700927734375,619.8212280273438,361.08050537109375,654.4580078125,368.32135009765625,624.0980224609375,349.52960205078125,639.6578369140625,349.36785888671875,605.302001953125,374.93035888671875,622.9207763671875,376.62261962890625,571.679443359375,403.90472412109375,588.1277465820312,405.02191162109375
476.0,186.0,476.0,186.0,476.0,186.0,677.9290161132812,263.1141357421875,476.0,186.0,669.8621215820312,281.03106689453125,698.6067504882812,285.8080139160156,648.99658203125,308.93194580078125,695.03369140625,320.5063171386719,647.7235717773438,344.9918518066406,693.5921020507812,351.4329528808594,657.2103881835938,334.6073303222656,678.645751953125,334.8587341308594,632.680908203125,361.9144592285156,667.61328125,364.9119873046875,603.6353759765625,394.4513854980469,648.8507080078125,396.3978271484375
519.0,167.0,519.0,167.0,519.0,167.0,519.0,167.0,715.9528198242188,283.1522216796875,686.6730346679688,296.40692138671875,714.0001220703125,305.17779541015625,665.7881469726562,327.0517578125,712.8745727539062,343.1490173339844,663.6246337890625,357.27215576171875,715.0596313476562,368.03350830078125,670.9896240234375,352.37725830078125,690.623046875,355.1236572265625,659.3109130859375,382.744140625,690.3189697265625,388.69378662109375,627.0241088867188,414.0370178222656,665.954833984375,421.3712158203125
545.0,189.0,545.0,189.0,545.0,189.0,545.0,189.0,732.3759155273438,285.58941650390625,705.2850952148438,299.48175048828125,731.3999633789062,306.71612548828125,684.69580078125,326.94183349609375,732.2288208007812,340.26959228515625,683.4332885742188,354.113037109375,736.0897216796875,366.74224853515625,690.592529296875,354.9144592285156,710.0316772460938,356.985107421875,676.474853515625,385.1812744140625,712.3585205078125,389.2279357910156,646.10009765625,417.3469543457031,693.7946166992188,422.734375
566.0,188.0,566.0,188.0,566.0,188.0,566.0,188.0,755.6487426757812,285.69158935546875,727.782958984375,297.59381103515625,753.93212890625,311.04754638671875,707.6839599609375,325.5127258300781,754.4155883789062,348.508056640625,704.1986083984375,355.4258117675781,757.0768432617188,366.860107421875,714.3333129882812,353.81103515625,733.6304931640625,358.428955078125,701.42724609375,380.8182373046875,734.343505859375,389.01422119140625,675.6756591796875,414.8323974609375,718.8509521484375,423.1438293457031
781.1551513671875,284.4424743652344,604.0,182.0,604.0,182.0,604.0,182.0,774.828857421875,280.0162048339844,748.4219360351562,292.8243103027344,773.809814453125,302.17333984375,725.3573608398438,318.1076354980469,776.3421630859375,335.8624267578125,725.6805419921875,347.4571533203125,781.187255859375,362.5909118652344,734.5543212890625,349.76202392578125,751.7308959960938,352.7706298828125,725.6749877929688,381.8317565917969,749.8767700195312,387.5367431640625,704.332275390625,415.23663330078125,731.8080444335938,422.92864990234375
627.0,180.0,627.0,180.0,627.0,180.0,627.0,180.0,801.9671020507812,281.6757507324219,773.3380737304688,294.27154541015625,800.19580078125,305.5807800292969,753.7638549804688,320.3856506347656,804.1595458984375,340.6812744140625,627.0,180.0,805.5938720703125,364.9293212890625,762.6607666015625,353.07330322265625,781.9705200195312,356.939208984375,752.1187133789062,384.5948486328125,780.85498046875,391.24420166015625,729.2369384765625,418.2138671875,767.388916015625,426.31634521484375
656.0,179.0,656.0,179.0,656.0,179.0,656.0,179.0,833.21826171875,285.2996520996094,805.2123413085938,298.43988037109375,835.099609375,308.39031982421875,785.3040771484375,323.5946960449219,839.9862670898438,343.65802001953125,789.5213623046875,346.6885070800781,835.3389282226562,372.14990234375,793.8148193359375,357.30572509765625,813.80224609375,360.18023681640625,784.9935913085938,388.4345703125,806.7241821289062,393.6676330566406,768.7830810546875,422.89141845703125,791.2293701171875,431.54815673828125
693.0,180.0,693.0,180.0,693.0,180.0,693.0,180.0,865.4889526367188,289.6826477050781,838.9035034179688,301.3814392089844,865.397216796875,312.23931884765625,815.3884887695312,321.72662353515625,871.6756591796875,344.883056640625,693.0,180.0,872.9559936523438,367.97467041015625,827.9112548828125,361.7708740234375,846.49951171875,365.46343994140625,820.750732421875,396.0467224121094,847.433349609375,402.38604736328125,797.6715698242188,429.8808898925781,834.42138671875,439.87799072265625
730.0,183.0,730.0,183.0,730.0,183.0,730.0,183.0,903.2590942382812,302.8657531738281,875.1180419921875,317.8610534667969,902.5321044921875,325.9946594238281,852.5503540039062,341.39459228515625,911.1828002929688,357.4332275390625,730.0,183.0,912.4398193359375,375.23052978515625,866.7643432617188,372.6297912597656,885.8485717773438,375.7368469238281,859.8956909179688,407.3975830078125,885.15673828125,413.28369140625,839.318359375,441.94244384765625,874.5504150390625,452.54608154296875
775.0,194.0,775.0,194.0,775.0,194.0,775.0,194.0,945.6728515625,338.00030517578125,918.0108642578125,353.5113830566406,947.1118774414062,361.0076904296875,896.381591796875,377.8634033203125,953.7158203125,393.8976135253906,895.8566284179688,397.0812072753906,954.4428100585938,418.3266906738281,909.7671508789062,409.98980712890625,929.0223388671875,412.26043701171875,899.3543090820312,445.48101806640625,922.802001953125,449.9837951660156,881.037353515625,481.3749694824219,905.9925537109375,489.1556091308594
818.0,229.0,818.0,229.0,818.0,229.0,818.0,229.0,983.6123046875,381.676513671875,956.852783203125,396.6783447265625,983.9622802734375,404.0279541015625,935.1151123046875,418.6876220703125,992.241455078125,432.865478515625,935.4384155273438,436.0003356933594,993.6573486328125,454.54498291015625,949.9287719726562,448.79205322265625,968.5802001953125,451.32666015625,941.519775390625,485.3094482421875,966.7988891601562,490.1492919921875,923.4234008789062,522.541748046875,956.4776000976562,530.7255859375
867.0,273.0,867.0,273.0,867.0,273.0,867.0,273.0,1023.3788452148438,408.20635986328125,993.21337890625,423.90618896484375,1023.5997924804688,431.2935791015625,977.225341796875,444.96295166015625,1033.1943359375,462.7467041015625,984.8430786132812,452.46246337890625,1035.66748046875,481.3504333496094,987.30126953125,476.2955627441406,1007.4620971679688,479.635009765625,984.0894165039062,511.980224609375,1008.9798583984375,516.8973999023438,968.4047241210938,548.1694946289062,997.2987060546875,554.7548828125
913.0,298.0,913.0,298.0,913.0,298.0,913.0,298.0,1058.53076171875,438.58587646484375,1031.299072265625,453.19873046875,1060.514892578125,459.46929931640625,1011.315673828125,475.38916015625,1067.5311279296875,488.70770263671875,1011.1940307617188,493.02349853515625,1066.9696044921875,511.0826721191406,1025.414794921875,508.1014404296875,1045.15087890625,510.04278564453125,1017.2716674804688,543.4595947265625,1041.114013671875,547.3656005859375,1006.0985717773438,580.913818359375,1033.227783203125,588.0330810546875
955.0,332.0,955.0,332.0,955.0,332.0,955.0,332.0,1094.8702392578125,448.6357421875,1066.8101806640625,464.3716125488281,1094.9622802734375,469.28955078125,1049.0965576171875,487.6935729980469,1103.22509765625,500.43072509765625,1041.0513916015625,499.7370910644531,1105.9649658203125,521.205078125,1060.248779296875,517.573486328125,1078.36962890625,519.69580078125,1055.1873779296875,553.954833984375,1079.9901123046875,556.8579711914062,1045.704345703125,591.2448120117188,1071.9656982421875,594.7542724609375
994.0,343.0,994.0,343.0,994.0,343.0,994.0,343.0,1124.952392578125,444.91448974609375,1096.585205078125,458.4971008300781,1124.460205078125,465.2038269042969,1073.54931640625,479.34002685546875,1132.8060302734375,495.48748779296875,1067.382568359375,493.5524597167969,1130.999755859375,516.307373046875,1089.592041015625,513.665771484375,1108.2506103515625,515.8320922851562,1083.635986328125,548.9664916992188,1106.960205078125,552.4083251953125,1076.115234375,586.5027465820312,1105.7005615234375,592.0902099609375
1012.0,340.0,1012.0,340.0,1012.0,340.0,1012.0,340.0,1146.389404296875,451.6165771484375,1118.13232421875,466.00823974609375,1146.0867919921875,471.4490051269531,1097.8262939453125,488.0240173339844,1152.16552734375,501.08074951171875,1085.531494140625,502.5308837890625,1153.362548828125,521.7328491210938,1109.3157958984375,516.4898681640625,1127.35888671875,518.583984375,1104.7889404296875,550.256103515625,1128.587646484375,553.5482177734375,1101.010009765625,590.1729736328125,1126.8221435546875,594.5099487304688
1034.0,347.0,1034.0,347.0,1034.0,347.0,1034.0,347.0,1164.19775390625,462.1816101074219,1136.244384765625,475.771240234375,1164.4808349609375,481.8870849609375,1117.002197265625,496.66107177734375,1172.9241943359375,509.75323486328125,1101.158203125,515.8710327148438,1170.21533203125,529.5316162109375,1129.9051513671875,528.19140625,1148.080322265625,530.0625610351562,1124.359619140625,563.1868286132812,1146.56884765625,565.9524536132812,1123.339111328125,601.6004638671875,1146.1092529296875,604.5902709960938
1046.0,358.0,1046.0,358.0,1046.0,358.0,1046.0,358.0,1176.052734375,464.44036865234375,1150.494873046875,477.2554931640625,1176.6668701171875,482.96197509765625,1129.97607421875,498.9674987792969,1187.4541015625,510.54638671875,1116.74560546875,516.892578125,1183.9434814453125,530.116943359375,1146.3795166015625,529.9828491210938,1163.3609619140625,531.80712890625,1139.642822265625,564.5341796875,1161.898681640625,567.1771240234375,1140.951171875,603.0814819335938,1165.432373046875,606.932373046875
1063.0,360.0,1063.0,360.0,1063.0,360.0,1063.0,360.0,1190.2474365234375,467.14898681640625,1162.3343505859375,480.799560546875,1191.908447265625,485.705322265625,1144.142333984375,502.84368896484375,1202.6072998046875,512.8843383789062,1130.46826171875,517.9658203125,1196.1907958984375,530.129150390625,1159.16259765625,533.013671875,1178.27392578125,534.34130859375,1155.2664794921875,568.4124145507812,1178.2705078125,569.6610107421875,1158.2208251953125,603.6538696289062,1180.6239013671875,605.3228759765625
1080.0,366.0,1080.0,366.0,1080.0,366.0,1187.832275390625,476.1285705566406,1202.4425048828125,479.8558349609375,1175.8028564453125,492.4132995605469,1205.0489501953125,499.7269592285156,1154.4332275390625,512.7840576171875,1212.7608642578125,525.7158203125,1142.768798828125,529.4390258789062,1207.27685546875,537.3078002929688,1170.5831298828125,544.258056640625,1189.7464599609375,546.8444213867188,1167.1026611328125,575.8472900390625,1189.3680419921875,580.5771484375,1171.2615966796875,612.0564575195312,1195.4979248046875,617.542236328125
1091.0,372.0,1091.0,372.0,1091.0,372.0,1091.0,372.0,1212.5494384765625,483.68951416015625,1186.037353515625,498.02130126953125,1217.1007080078125,502.6943359375,1166.6529541015625,520.7260131835938,1228.4659423828125,528.7684326171875,1154.981689453125,532.2706298828125,1222.5101318359375,539.5299072265625,1186.836669921875,551.2532958984375,1207.24072265625,552.8509521484375,1184.712890625,584.6431884765625,1209.841064453125,586.5557250976562,1188.7100830078125,621.05224609375,1215.114013671875,623.947509765625
1105.0,380.0,1105.0,380.0,1105.0,380.0,1105.0,380.0,1217.705810546875,497.89306640625,1194.1864013671875,514.4744873046875,1221.3572998046875,516.601318359375,1177.6949462890625,537.04638671875,1238.300048828125,539.5178833007812,1166.0595703125,551.2268676757812,1235.654052734375,552.6222534179688,1197.338134765625,566.3078002929688,1215.0142822265625,567.499755859375,1198.075439453125,601.8536376953125,1222.4649658203125,603.1827392578125,1207.6796875,637.3150634765625,1235.126708984375,639.7305908203125
1113.0,396.0,1113.0,396.0,1113.0,396.0,1209.0091552734375,569.2332153320312,1225.0989990234375,571.170654296875,1199.7027587890625,587.0234375,1229.39404296875,590.2929077148438,1182.432861328125,609.163818359375,1242.7618408203125,613.6637573242188,1174.8546142578125,622.480224609375,1244.1585693359375,622.6019287109375,1204.2059326171875,633.97607421875,1223.9288330078125,635.8348999023438,1204.37646484375,664.2745971679688,1228.917236328125,667.153076171875,1210.817626953125,698.09033203125,1240.6025390625,701.7120361328125
1125.0,471.0,1125.0,471.0,1125.0,471.0,1211.5938720703125,581.2025756835938,1227.2518310546875,582.5217895507812,1201.7349853515625,599.1258544921875,1232.295166015625,601.7647094726562,1189.0067138671875,622.9254150390625,1246.7803955078125,626.2374267578125,1179.1607666015625,640.8026123046875,1249.660400390625,639.859375,1208.1253662109375,645.1563110351562,1228.1043701171875,647.0964965820312,1209.744140625,675.0511474609375,1235.00244140625,677.68408203125,1216.69580078125,708.291015625,1243.78759765625,710.4910888671875
1130.0,484.0,1130.0,484.0,1130.0,484.0,1188.3514404296875,568.9202270507812,1203.77783203125,569.7618408203125,1180.0704345703125,586.8822021484375,1209.42041015625,587.4720458984375,1168.7999267578125,610.5572509765625,1222.0450439453125,609.4517822265625,1161.4544677734375,627.5746459960938,1225.058837890625,621.866943359375,1187.036865234375,631.697265625,1206.7349853515625,632.6969604492188,1188.3865966796875,662.3680419921875,1213.4735107421875,663.5103149414062,1201.0614013671875,693.9923706054688,1228.39306640625,695.3499145507812
1110.0,473.0,1110.0,473.0,1110.0,473.0,1155.2955322265625,578.0775146484375,1170.2489013671875,577.9818725585938,1147.7236328125,596.3125610351562,1175.6585693359375,594.98681640625,1139.8350830078125,619.8062133789062,1188.611328125,616.0307006835938,1132.7615966796875,638.1514282226562,1191.2884521484375,633.5171508789062,1157.1591796875,639.6766967773438,1175.68408203125,640.0403442382812,1160.6663818359375,670.736328125,1182.657958984375,670.49169921875,1174.906982421875,701.0975952148438,1197.104736328125,701.1932373046875
1082.0,484.0,1082.0,484.0,1082.0,484.0,1126.0509033203125,589.4259033203125,1141.729736328125,589.7420654296875,1118.9449462890625,607.7384033203125,1148.595947265625,607.7562255859375,1110.9410400390625,632.7059326171875,1158.749755859375,631.0350952148438,1107.548095703125,650.6966552734375,1159.3565673828125,645.7903442382812,1127.634033203125,652.2833251953125,1147.801513671875,653.2889404296875,1132.273681640625,681.134521484375,1156.2960205078125,681.9864501953125,1141.9324951171875,711.182861328125,1166.8154296875,711.679931640625
1058.0,497.0,1058.0,497.0,1058.0,497.0,1058.0,497.0,1058.0,497.0,1058.0,497.0,1070.452392578125,613.6246948242188,1058.0,497.0,1082.3897705078125,635.8536376953125,1058.0,497.0,1058.0,497.0,1065.736083984375,658.651123046875,1068.0960693359375,658.0885009765625,1071.442626953125,686.921875,1067.3858642578125,685.6529541015625,1092.054443359375,716.4415283203125,1080.3785400390625,715.6946411132812
1034.0,502.0,1034.0,502.0,1034.0,502.0,1034.0,502.0,1034.0,502.0,1041.1500244140625,617.1668090820312,1047.146240234375,616.9447631835938,1034.0,502.0,1034.0,502.0,1034.0,502.0,1034.0,502.0,1045.2760009765625,660.5757446289062,1047.162841796875,660.2942504882812,1051.3087158203125,688.3502197265625,1039.9127197265625,687.2553100585938,1070.540283203125,720.0065307617188,1042.861572265625,718.2418212890625
1010.0,508.0,1010.0,508.0,1010.0,508.0,1017.0275268554688,600.988037109375,1031.267578125,600.268798828125,1016.2522583007812,617.6763305664062,1037.671875,615.6828002929688,1010.0,508.0,1049.4742431640625,636.4080810546875,1010.0,508.0,1048.3876953125,654.883056640625,1021.9345092773438,661.343505859375,1037.570068359375,660.3108520507812,1019.9877319335938,689.2532348632812,1039.920166015625,687.8670654296875,1027.3963623046875,716.102294921875,1055.7303466796875,714.8756713867188
981.0,513.0,981.0,513.0,981.0,513.0,995.7300415039062,599.84619140625,1010.7257690429688,600.1322021484375,990.7640991210938,617.1604614257812,1017.3974609375,616.377685546875,985.0942993164062,642.3053588867188,1029.393798828125,637.599853515625,985.8701171875,660.1158447265625,1026.236572265625,651.6902465820312,998.9856567382812,660.9270629882812,1018.088623046875,660.9605712890625,996.8997192382812,684.371826171875,1023.3814697265625,684.3321533203125,1002.2011108398438,713.6891479492188,1034.44775390625,714.327392578125
948.0,511.0,948.0,511.0,948.0,511.0,948.0,511.0,989.34423828125,591.680908203125,969.8133544921875,609.5829467773438,996.1941528320312,609.367431640625,963.0302124023438,634.621826171875,1008.4296875,631.59423828125,960.8660888671875,652.9693603515625,1007.3966674804688,647.9080810546875,979.2921142578125,651.5086669921875,997.1923828125,652.58740234375,979.76220703125,679.145263671875,1004.3106689453125,680.0427856445312,985.4710083007812,708.4340209960938,1010.62890625,709.8192749023438
917.0,503.0,917.0,503.0,917.0,503.0,957.694091796875,585.20458984375,972.721923828125,584.86572265625,951.4916381835938,604.014892578125,979.3451538085938,603.3179321289062,945.2256469726562,627.6536254882812,986.7536010742188,626.5109252929688,938.8551635742188,645.6438598632812,981.8966064453125,642.9840087890625,959.1416015625,646.5611572265625,978.42431640625,647.0224609375,960.4091796875,673.8096313476562,984.5814819335938,674.0657958984375,966.6505737304688,702.4815673828125,991.9916381835938,701.88671875
896.0,495.0,896.0,495.0,896.0,495.0,929.8282470703125,574.7238159179688,943.6273803710938,575.032958984375,923.9735107421875,595.027099609375,950.0,594.8402709960938,917.0999755859375,618.0518798828125,960.9569702148438,617.4445190429688,913.3314819335938,634.0858764648438,955.7522583007812,636.0562744140625,932.4109497070312,637.770751953125,950.8310546875,638.291259765625,931.307861328125,664.8915405273438,957.4501953125,665.5980834960938,936.0646362304688,691.231689453125,967.7445068359375,693.056640625
871.0,485.0,871.0,485.0,871.0,485.0,893.7420654296875,521.8157958984375,908.2644653320312,521.6611328125,888.419189453125,541.4136352539062,915.938232421875,541.4771728515625,882.4039916992188,566.07763671875,920.8674926757812,566.650634765625,877.7420654296875,586.2890014648438,916.2083740234375,583.255859375,896.1854248046875,584.4076538085938,915.24755859375,584.8785400390625,898.140625,611.0980834960938,919.8602294921875,611.3310546875,906.8245849609375,639.56640625,927.5308227539062,637.8707275390625
836.0,433.0,836.0,433.0,836.0,433.0,847.2786865234375,450.69500732421875,836.0,433.0,847.6884765625,468.77667236328125,867.2478637695312,466.7988586425781,843.6729736328125,494.1827392578125,874.6630249023438,491.6854248046875,836.0,433.0,836.0,433.0,851.83935546875,511.8220520019531,866.1565551757812,510.8584899902344,850.2208251953125,539.07421875,871.0612182617188,538.0869140625,857.2401123046875,565.7941284179688,883.7670288085938,564.9053955078125
806.0,360.0,806.0,360.0,806.0,360.0,806.0,360.0,806.0,360.0,806.0,360.0,806.0,360.0,806.0,360.0,806.0,360.0,806.0,360.0,806.0,360.0,813.4427490234375,420.945556640625,813.4307250976562,420.5660095214844,818.3311767578125,447.88653564453125,819.4552001953125,446.6424560546875,831.8644409179688,478.0716552734375,832.43359375,477.27728271484375
,,,,,,,,,,,,,,,,,,,,,,,,,,,,,,,,,
,,,,,,,,,,,,,,,,,,,,,,,,,,,,,,,,,
,,,,,,,,,,,,,,,,,,,,,,,,,,,,,,,,,
,,,,,,,,,,,,,,,,,,,,,,,,,,,,,,,,,
,,,,,,,,,,,,,,,,,,,,,,,,,,,,,,,,,
,,,,,,,,,,,,,,,,,,,,,,,,,,,,,,,,,
,,,,,,,,,,,,,,,,,,,,,,,,,,,,,,,,,
,,,,,,,,,,,,,,,,,,,,,,,,,,,,,,,,,
,,,,,,,,,,,,,,,,,,,,,,,,,,,,,,,,,
,,,,,,,,,,,,,,,,,,,,,,,,,,,,,,,,,
,,,,,,,,,,,,,,,,,,,,,,,,,,,,,,,,,
,,,,,,,,,,,,,,,,,,,,,,,,,,,,,,,,,
,,,,,,,,,,,,,,,,,,,,,,,,,,,,,,,,,
,,,,,,,,,,,,,,,,,,,,,,,,,,,,,,,,,
,,,,,,,,,,,,,,,,,,,,,,,,,,,,,,,,,
0.0,0.0,0.0,0.0,0.0,0.0,0.0,0.0,0.0,0.0,781.3068237304688,16.228940963745117,784.818603515625,15.734819412231445,776.477783203125,35.57666778564453,0.0,0.0,771.779052734375,51.02320861816406,0.0,0.0,787.8777465820312,52.046531677246094,790.369384765625,51.845123291015625,789.065185546875,79.49832153320312,787.1427612304688,79.31769561767578,800.563720703125,107.95693969726562,795.537109375,106.32170104980469
726.0,0.0,726.0,0.0,726.0,0.0,751.0269165039062,47.68817901611328,764.279296875,46.95392608642578,744.9649658203125,63.06317901611328,769.7376708984375,61.28885269165039,738.3696899414062,86.6257095336914,777.7067260742188,84.7332763671875,736.3533935546875,103.4012680053711,776.4627685546875,105.47513580322266,752.0621948242188,101.81381225585938,769.3035888671875,101.36708068847656,749.6744384765625,130.43673706054688,770.3070678710938,128.61590576171875,756.5595092773438,157.9347381591797,779.3665161132812,155.17431640625
700.0,0.0,700.0,0.0,700.0,0.0,729.6699829101562,16.914716720581055,700.0,0.0,729.0813598632812,30.308155059814453,750.0236206054688,28.085216522216797,722.1764526367188,50.87539291381836,759.3320922851562,51.570072174072266,721.0218505859375,64.02197265625,761.204833984375,74.30414581298828,738.8271484375,70.78358459472656,753.3471069335938,70.15465545654297,737.7958984375,98.50569152832031,757.8336181640625,96.72577667236328,744.7000122070312,125.79380798339844,769.1646118164062,123.29747772216797
681.0,0.0,681.0,0.0,681.0,0.0,719.7824096679688,20.874902725219727,681.0,0.0,725.3230590820312,32.717830657958984,730.660400390625,32.367191314697266,718.030517578125,46.76681137084961,681.0,0.0,706.5087280273438,54.86494827270508,681.0,0.0,732.9918212890625,75.58790588378906,737.7658081054688,75.49561309814453,731.8692626953125,103.25947570800781,743.6182861328125,102.75045776367188,740.9967651367188,131.31134033203125,756.1317138671875,130.45053100585938
658.0,0.0,658.0,0.0,658.0,0.0,709.7000122070312,26.62110137939453,658.0,0.0,708.539306640625,41.68959426879883,732.5386352539062,38.64894485473633,703.027099609375,64.4878158569336,739.8211059570312,62.2916145324707,699.3822021484375,80.5949478149414,658.0,0.0,717.127685546875,83.40605926513672,734.2741088867188,82.18265533447266,715.8327026367188,111.8103256225586,741.3824462890625,109.26345825195312,721.07568359375,140.12696838378906,749.3153686523438,135.93515014648438
659.0,0.0,659.0,0.0,659.0,0.0,682.313720703125,47.12019729614258,659.0,0.0,679.6773071289062,61.95466995239258,702.26953125,58.5789680480957,672.7837524414062,84.04051208496094,710.5877075195312,81.08708953857422,672.2620239257812,99.30474853515625,711.5853881835938,103.3210678100586,689.3526000976562,101.61939239501953,705.0947265625,100.61956024169922,689.6819458007812,131.3790740966797,709.8497314453125,128.8433837890625,696.4127807617188,159.09591674804688,720.8419799804688,155.2789306640625
633.0,0.0,633.0,0.0,633.0,0.0,633.0,0.0,633.0,0.0,708.7814331054688,69.28263092041016,705.512451171875,69.76280975341797,711.0822143554688,72.96417999267578,633.0,0.0,711.6740112304688,76.61840057373047,633.0,0.0,711.3407592773438,75.68084716796875,709.2703247070312,75.98970794677734,711.8301391601562,79.14433288574219,709.816650390625,79.35464477539062,715.68701171875,84.57708740234375,713.8995971679688,84.60887908935547
,,,,,,,,,,,,,,,,,,,,,,,,,,,,,,,,,
,,,,,,,,,,,,,,,,,,,,,,,,,,,,,,,,,
,,,,,,,,,,,,,,,,,,,,,,,,,,,,,,,,,
,,,,,,,,,,,,,,,,,,,,,,,,,,,,,,,,,
,,,,,,,,,,,,,,,,,,,,,,,,,,,,,,,,,
,,,,,,,,,,,,,,,,,,,,,,,,,,,,,,,,,
,,,,,,,,,,,,,,,,,,,,,,,,,,,,,,,,,
,,,,,,,,,,,,,,,,,,,,,,,,,,,,,,,,,
,,,,,,,,,,,,,,,,,,,,,,,,,,,,,,,,,
,,,,,,,,,,,,,,,,,,,,,,,,,,,,,,,,,
,,,,,,,,,,,,,,,,,,,,,,,,,,,,,,,,,
,,,,,,,,,,,,,,,,,,,,,,,,,,,,,,,,,
,,,,,,,,,,,,,,,,,,,,,,,,,,,,,,,,,
,,,,,,,,,,,,,,,,,,,,,,,,,,,,,,,,,
,,,,,,,,,,,,,,,,,,,,,,,,,,,,,,,,,
,,,,,,,,,,,,,,,,,,,,,,,,,,,,,,,,,
,,,,,,,,,,,,,,,,,,,,,,,,,,,,,,,,,
,,,,,,,,,,,,,,,,,,,,,,,,,,,,,,,,,
,,,,,,,,,,,,,,,,,,,,,,,,,,,,,,,,,
,,,,,,,,,,,,,,,,,,,,,,,,,,,,,,,,,
,,,,,,,,,,,,,,,,,,,,,,,,,,,,,,,,,
,,,,,,,,,,,,,,,,,,,,,,,,,,,,,,,,,
,,,,,,,,,,,,,,,,,,,,,,,,,,,,,,,,,
,,,,,,,,,,,,,,,,,,,,,,,,,,,,,,,,,
,,,,,,,,,,,,,,,,,,,,,,,,,,,,,,,,,
,,,,,,,,,,,,,,,,,,,,,,,,,,,,,,,,,
,,,,,,,,,,,,,,,,,,,,,,,,,,,,,,,,,
,,,,,,,,,,,,,,,,,,,,,,,,,,,,,,,,,
,,,,,,,,,,,,,,,,,,,,,,,,,,,,,,,,,
,,,,,,,,,,,,,,,,,,,,,,,,,,,,,,,,,
,,,,,,,,,,,,,,,,,,,,,,,,,,,,,,,,,
,,,,,,,,,,,,,,,,,,,,,,,,,,,,,,,,,
,,,,,,,,,,,,,,,,,,,,,,,,,,,,,,,,,
,,,,,,,,,,,,,,,,,,,,,,,,,,,,,,,,,
,,,,,,,,,,,,,,,,,,,,,,,,,,,,,,,,,
,,,,,,,,,,,,,,,,,,,,,,,,,,,,,,,,,
,,,,,,,,,,,,,,,,,,,,,,,,,,,,,,,,,
,,,,,,,,,,,,,,,,,,,,,,,,,,,,,,,,,
,,,,,,,,,,,,,,,,,,,,,,,,,,,,,,,,,
,,,,,,,,,,,,,,,,,,,,,,,,,,,,,,,,,
,,,,,,,,,,,,,,,,,,,,,,,,,,,,,,,,,
,,,,,,,,,,,,,,,,,,,,,,,,,,,,,,,,,
,,,,,,,,,,,,,,,,,,,,,,,,,,,,,,,,,
,,,,,,,,,,,,,,,,,,,,,,,,,,,,,,,,,
,,,,,,,,,,,,,,,,,,,,,,,,,,,,,,,,,
,,,,,,,,,,,,,,,,,,,,,,,,,,,,,,,,,
,,,,,,,,,,,,,,,,,,,,,,,,,,,,,,,,,
,,,,,,,,,,,,,,,,,,,,,,,,,,,,,,,,,
,,,,,,,,,,,,,,,,,,,,,,,,,,,,,,,,,
,,,,,,,,,,,,,,,,,,,,,,,,,,,,,,,,,
,,,,,,,,,,,,,,,,,,,,,,,,,,,,,,,,,
,,,,,,,,,,,,,,,,,,,,,,,,,,,,,,,,,
,,,,,,,,,,,,,,,,,,,,,,,,,,,,,,,,,
,,,,,,,,,,,,,,,,,,,,,,,,,,,,,,,,,
,,,,,,,,,,,,,,,,,,,,,,,,,,,,,,,,,
,,,,,,,,,,,,,,,,,,,,,,,,,,,,,,,,,
,,,,,,,,,,,,,,,,,,,,,,,,,,,,,,,,,
,,,,,,,,,,,,,,,,,,,,,,,,,,,,,,,,,
,,,,,,,,,,,,,,,,,,,,,,,,,,,,,,,,,
,,,,,,,,,,,,,,,,,,,,,,,,,,,,,,,,,
,,,,,,,,,,,,,,,,,,,,,,,,,,,,,,,,,
,,,,,,,,,,,,,,,,,,,,,,,,,,,,,,,,,
,,,,,,,,,,,,,,,,,,,,,,,,,,,,,,,,,
,,,,,,,,,,,,,,,,,,,,,,,,,,,,,,,,,
,,,,,,,,,,,,,,,,,,,,,,,,,,,,,,,,,
,,,,,,,,,,,,,,,,,,,,,,,,,,,,,,,,,
,,,,,,,,,,,,,,,,,,,,,,,,,,,,,,,,,
,,,,,,,,,,,,,,,,,,,,,,,,,,,,,,,,,
,,,,,,,,,,,,,,,,,,,,,,,,,,,,,,,,,
,,,,,,,,,,,,,,,,,,,,,,,,,,,,,,,,,
,,,,,,,,,,,,,,,,,,,,,,,,,,,,,,,,,
,,,,,,,,,,,,,,,,,,,,,,,,,,,,,,,,,
,,,,,,,,,,,,,,,,,,,,,,,,,,,,,,,,,
,,,,,,,,,,,,,,,,,,,,,,,,,,,,,,,,,
,,,,,,,,,,,,,,,,,,,,,,,,,,,,,,,,,
,,,,,,,,,,,,,,,,,,,,,,,,,,,,,,,,,
,,,,,,,,,,,,,,,,,,,,,,,,,,,,,,,,,
,,,,,,,,,,,,,,,,,,,,,,,,,,,,,,,,,
,,,,,,,,,,,,,,,,,,,,,,,,,,,,,,,,,
,,,,,,,,,,,,,,,,,,,,,,,,,,,,,,,,,
,,,,,,,,,,,,,,,,,,,,,,,,,,,,,,,,,
,,,,,,,,,,,,,,,,,,,,,,,,,,,,,,,,,
,,,,,,,,,,,,,,,,,,,,,,,,,,,,,,,,,
,,,,,,,,,,,,,,,,,,,,,,,,,,,,,,,,,
,,,,,,,,,,,,,,,,,,,,,,,,,,,,,,,,,
,,,,,,,,,,,,,,,,,,,,,,,,,,,,,,,,,
,,,,,,,,,,,,,,,,,,,,,,,,,,,,,,,,,
,,,,,,,,,,,,,,,,,,,,,,,,,,,,,,,,,
,,,,,,,,,,,,,,,,,,,,,,,,,,,,,,,,,
,,,,,,,,,,,,,,,,,,,,,,,,,,,,,,,,,
,,,,,,,,,,,,,,,,,,,,,,,,,,,,,,,,,
,,,,,,,,,,,,,,,,,,,,,,,,,,,,,,,,,
,,,,,,,,,,,,,,,,,,,,,,,,,,,,,,,,,
,,,,,,,,,,,,,,,,,,,,,,,,,,,,,,,,,
,,,,,,,,,,,,,,,,,,,,,,,,,,,,,,,,,
,,,,,,,,,,,,,,,,,,,,,,,,,,,,,,,,,
,,,,,,,,,,,,,,,,,,,,,,,,,,,,,,,,,
,,,,,,,,,,,,,,,,,,,,,,,,,,,,,,,,,
,,,,,,,,,,,,,,,,,,,,,,,,,,,,,,,,,
,,,,,,,,,,,,,,,,,,,,,,,,,,,,,,,,,
,,,,,,,,,,,,,,,,,,,,,,,,,,,,,,,,,
,,,,,,,,,,,,,,,,,,,,,,,,,,,,,,,,,
,,,,,,,,,,,,,,,,,,,,,,,,,,,,,,,,,
,,,,,,,,,,,,,,,,,,,,,,,,,,,,,,,,,
,,,,,,,,,,,,,,,,,,,,,,,,,,,,,,,,,
,,,,,,,,,,,,,,,,,,,,,,,,,,,,,,,,,
,,,,,,,,,,,,,,,,,,,,,,,,,,,,,,,,,
,,,,,,,,,,,,,,,,,,,,,,,,,,,,,,,,,
,,,,,,,,,,,,,,,,,,,,,,,,,,,,,,,,,
,,,,,,,,,,,,,,,,,,,,,,,,,,,,,,,,,
,,,,,,,,,,,,,,,,,,,,,,,,,,,,,,,,,
,,,,,,,,,,,,,,,,,,,,,,,,,,,,,,,,,
,,,,,,,,,,,,,,,,,,,,,,,,,,,,,,,,,
,,,,,,,,,,,,,,,,,,,,,,,,,,,,,,,,,
,,,,,,,,,,,,,,,,,,,,,,,,,,,,,,,,,
,,,,,,,,,,,,,,,,,,,,,,,,,,,,,,,,,
,,,,,,,,,,,,,,,,,,,,,,,,,,,,,,,,,
,,,,,,,,,,,,,,,,,,,,,,,,,,,,,,,,,
,,,,,,,,,,,,,,,,,,,,,,,,,,,,,,,,,
,,,,,,,,,,,,,,,,,,,,,,,,,,,,,,,,,
,,,,,,,,,,,,,,,,,,,,,,,,,,,,,,,,,
,,,,,,,,,,,,,,,,,,,,,,,,,,,,,,,,,
,,,,,,,,,,,,,,,,,,,,,,,,,,,,,,,,,
,,,,,,,,,,,,,,,,,,,,,,,,,,,,,,,,,
,,,,,,,,,,,,,,,,,,,,,,,,,,,,,,,,,
,,,,,,,,,,,,,,,,,,,,,,,,,,,,,,,,,
,,,,,,,,,,,,,,,,,,,,,,,,,,,,,,,,,
,,,,,,,,,,,,,,,,,,,,,,,,,,,,,,,,,
,,,,,,,,,,,,,,,,,,,,,,,,,,,,,,,,,
,,,,,,,,,,,,,,,,,,,,,,,,,,,,,,,,,
,,,,,,,,,,,,,,,,,,,,,,,,,,,,,,,,,
,,,,,,,,,,,,,,,,,,,,,,,,,,,,,,,,,
,,,,,,,,,,,,,,,,,,,,,,,,,,,,,,,,,
,,,,,,,,,,,,,,,,,,,,,,,,,,,,,,,,,
,,,,,,,,,,,,,,,,,,,,,,,,,,,,,,,,,
,,,,,,,,,,,,,,,,,,,,,,,,,,,,,,,,,
,,,,,,,,,,,,,,,,,,,,,,,,,,,,,,,,,
,,,,,,,,,,,,,,,,,,,,,,,,,,,,,,,,,
,,,,,,,,,,,,,,,,,,,,,,,,,,,,,,,,,
,,,,,,,,,,,,,,,,,,,,,,,,,,,,,,,,,
,,,,,,,,,,,,,,,,,,,,,,,,,,,,,,,,,
,,,,,,,,,,,,,,,,,,,,,,,,,,,,,,,,,
,,,,,,,,,,,,,,,,,,,,,,,,,,,,,,,,,
,,,,,,,,,,,,,,,,,,,,,,,,,,,,,,,,,
,,,,,,,,,,,,,,,,,,,,,,,,,,,,,,,,,
,,,,,,,,,,,,,,,,,,,,,,,,,,,,,,,,,
,,,,,,,,,,,,,,,,,,,,,,,,,,,,,,,,,
,,,,,,,,,,,,,,,,,,,,,,,,,,,,,,,,,
,,,,,,,,,,,,,,,,,,,,,,,,,,,,,,,,,
,,,,,,,,,,,,,,,,,,,,,,,,,,,,,,,,,
,,,,,,,,,,,,,,,,,,,,,,,,,,,,,,,,,
,,,,,,,,,,,,,,,,,,,,,,,,,,,,,,,,,
,,,,,,,,,,,,,,,,,,,,,,,,,,,,,,,,,
,,,,,,,,,,,,,,,,,,,,,,,,,,,,,,,,,
,,,,,,,,,,,,,,,,,,,,,,,,,,,,,,,,,
,,,,,,,,,,,,,,,,,,,,,,,,,,,,,,,,,
,,,,,,,,,,,,,,,,,,,,,,,,,,,,,,,,,
,,,,,,,,,,,,,,,,,,,,,,,,,,,,,,,,,
,,,,,,,,,,,,,,,,,,,,,,,,,,,,,,,,,
,,,,,,,,,,,,,,,,,,,,,,,,,,,,,,,,,
,,,,,,,,,,,,,,,,,,,,,,,,,,,,,,,,,
,,,,,,,,,,,,,,,,,,,,,,,,,,,,,,,,,
,,,,,,,,,,,,,,,,,,,,,,,,,,,,,,,,,
,,,,,,,,,,,,,,,,,,,,,,,,,,,,,,,,,
,,,,,,,,,,,,,,,,,,,,,,,,,,,,,,,,,
,,,,,,,,,,,,,,,,,,,,,,,,,,,,,,,,,
,,,,,,,,,,,,,,,,,,,,,,,,,,,,,,,,,
,,,,,,,,,,,,,,,,,,,,,,,,,,,,,,,,,
,,,,,,,,,,,,,,,,,,,,,,,,,,,,,,,,,
,,,,,,,,,,,,,,,,,,,,,,,,,,,,,,,,,
,,,,,,,,,,,,,,,,,,,,,,,,,,,,,,,,,
,,,,,,,,,,,,,,,,,,,,,,,,,,,,,,,,,
,,,,,,,,,,,,,,,,,,,,,,,,,,,,,,,,,
,,,,,,,,,,,,,,,,,,,,,,,,,,,,,,,,,
,,,,,,,,,,,,,,,,,,,,,,,,,,,,,,,,,
,,,,,,,,,,,,,,,,,,,,,,,,,,,,,,,,,
,,,,,,,,,,,,,,,,,,,,,,,,,,,,,,,,,
,,,,,,,,,,,,,,,,,,,,,,,,,,,,,,,,,
,,,,,,,,,,,,,,,,,,,,,,,,,,,,,,,,,
,,,,,,,,,,,,,,,,,,,,,,,,,,,,,,,,,
,,,,,,,,,,,,,,,,,,,,,,,,,,,,,,,,,
,,,,,,,,,,,,,,,,,,,,,,,,,,,,,,,,,
,,,,,,,,,,,,,,,,,,,,,,,,,,,,,,,,,
,,,,,,,,,,,,,,,,,,,,,,,,,,,,,,,,,
,,,,,,,,,,,,,,,,,,,,,,,,,,,,,,,,,
,,,,,,,,,,,,,,,,,,,,,,,,,,,,,,,,,
,,,,,,,,,,,,,,,,,,,,,,,,,,,,,,,,,
,,,,,,,,,,,,,,,,,,,,,,,,,,,,,,,,,
,,,,,,,,,,,,,,,,,,,,,,,,,,,,,,,,,
,,,,,,,,,,,,,,,,,,,,,,,,,,,,,,,,,
,,,,,,,,,,,,,,,,,,,,,,,,,,,,,,,,,
,,,,,,,,,,,,,,,,,,,,,,,,,,,,,,,,,
,,,,,,,,,,,,,,,,,,,,,,,,,,,,,,,,,
,,,,,,,,,,,,,,,,,,,,,,,,,,,,,,,,,
,,,,,,,,,,,,,,,,,,,,,,,,,,,,,,,,,
,,,,,,,,,,,,,,,,,,,,,,,,,,,,,,,,,
,,,,,,,,,,,,,,,,,,,,,,,,,,,,,,,,,
,,,,,,,,,,,,,,,,,,,,,,,,,,,,,,,,,
,,,,,,,,,,,,,,,,,,,,,,,,,,,,,,,,,
,,,,,,,,,,,,,,,,,,,,,,,,,,,,,,,,,
,,,,,,,,,,,,,,,,,,,,,,,,,,,,,,,,,
,,,,,,,,,,,,,,,,,,,,,,,,,,,,,,,,,
,,,,,,,,,,,,,,,,,,,,,,,,,,,,,,,,,
,,,,,,,,,,,,,,,,,,,,,,,,,,,,,,,,,
,,,,,,,,,,,,,,,,,,,,,,,,,,,,,,,,,
,,,,,,,,,,,,,,,,,,,,,,,,,,,,,,,,,
,,,,,,,,,,,,,,,,,,,,,,,,,,,,,,,,,
,,,,,,,,,,,,,,,,,,,,,,,,,,,,,,,,,
,,,,,,,,,,,,,,,,,,,,,,,,,,,,,,,,,
,,,,,,,,,,,,,,,,,,,,,,,,,,,,,,,,,
,,,,,,,,,,,,,,,,,,,,,,,,,,,,,,,,,
,,,,,,,,,,,,,,,,,,,,,,,,,,,,,,,,,
,,,,,,,,,,,,,,,,,,,,,,,,,,,,,,,,,
,,,,,,,,,,,,,,,,,,,,,,,,,,,,,,,,,
,,,,,,,,,,,,,,,,,,,,,,,,,,,,,,,,,
,,,,,,,,,,,,,,,,,,,,,,,,,,,,,,,,,
,,,,,,,,,,,,,,,,,,,,,,,,,,,,,,,,,
,,,,,,,,,,,,,,,,,,,,,,,,,,,,,,,,,
,,,,,,,,,,,,,,,,,,,,,,,,,,,,,,,,,
,,,,,,,,,,,,,,,,,,,,,,,,,,,,,,,,,
,,,,,,,,,,,,,,,,,,,,,,,,,,,,,,,,,
,,,,,,,,,,,,,,,,,,,,,,,,,,,,,,,,,
,,,,,,,,,,,,,,,,,,,,,,,,,,,,,,,,,
,,,,,,,,,,,,,,,,,,,,,,,,,,,,,,,,,
,,,,,,,,,,,,,,,,,,,,,,,,,,,,,,,,,
,,,,,,,,,,,,,,,,,,,,,,,,,,,,,,,,,
,,,,,,,,,,,,,,,,,,,,,,,,,,,,,,,,,
,,,,,,,,,,,,,,,,,,,,,,,,,,,,,,,,,
,,,,,,,,,,,,,,,,,,,,,,,,,,,,,,,,,
,,,,,,,,,,,,,,,,,,,,,,,,,,,,,,,,,
,,,,,,,,,,,,,,,,,,,,,,,,,,,,,,,,,
,,,,,,,,,,,,,,,,,,,,,,,,,,,,,,,,,
,,,,,,,,,,,,,,,,,,,,,,,,,,,,,,,,,
,,,,,,,,,,,,,,,,,,,,,,,,,,,,,,,,,
,,,,,,,,,,,,,,,,,,,,,,,,,,,,,,,,,
,,,,,,,,,,,,,,,,,,,,,,,,,,,,,,,,,
,,,,,,,,,,,,,,,,,,,,,,,,,,,,,,,,,
,,,,,,,,,,,,,,,,,,,,,,,,,,,,,,,,,
,,,,,,,,,,,,,,,,,,,,,,,,,,,,,,,,,
,,,,,,,,,,,,,,,,,,,,,,,,,,,,,,,,,
,,,,,,,,,,,,,,,,,,,,,,,,,,,,,,,,,
,,,,,,,,,,,,,,,,,,,,,,,,,,,,,,,,,
,,,,,,,,,,,,,,,,,,,,,,,,,,,,,,,,,
,,,,,,,,,,,,,,,,,,,,,,,,,,,,,,,,,
,,,,,,,,,,,,,,,,,,,,,,,,,,,,,,,,,
,,,,,,,,,,,,,,,,,,,,,,,,,,,,,,,,,
,,,,,,,,,,,,,,,,,,,,,,,,,,,,,,,,,
,,,,,,,,,,,,,,,,,,,,,,,,,,,,,,,,,
,,,,,,,,,,,,,,,,,,,,,,,,,,,,,,,,,
,,,,,,,,,,,,,,,,,,,,,,,,,,,,,,,,,
,,,,,,,,,,,,,,,,,,,,,,,,,,,,,,,,,
,,,,,,,,,,,,,,,,,,,,,,,,,,,,,,,,,
,,,,,,,,,,,,,,,,,,,,,,,,,,,,,,,,,
,,,,,,,,,,,,,,,,,,,,,,,,,,,,,,,,,
,,,,,,,,,,,,,,,,,,,,,,,,,,,,,,,,,
,,,,,,,,,,,,,,,,,,,,,,,,,,,,,,,,,
,,,,,,,,,,,,,,,,,,,,,,,,,,,,,,,,,
,,,,,,,,,,,,,,,,,,,,,,,,,,,,,,,,,
,,,,,,,,,,,,,,,,,,,,,,,,,,,,,,,,,
,,,,,,,,,,,,,,,,,,,,,,,,,,,,,,,,,
,,,,,,,,,,,,,,,,,,,,,,,,,,,,,,,,,
,,,,,,,,,,,,,,,,,,,,,,,,,,,,,,,,,
,,,,,,,,,,,,,,,,,,,,,,,,,,,,,,,,,
,,,,,,,,,,,,,,,,,,,,,,,,,,,,,,,,,
,,,,,,,,,,,,,,,,,,,,,,,,,,,,,,,,,
,,,,,,,,,,,,,,,,,,,,,,,,,,,,,,,,,
,,,,,,,,,,,,,,,,,,,,,,,,,,,,,,,,,
,,,,,,,,,,,,,,,,,,,,,,,,,,,,,,,,,
,,,,,,,,,,,,,,,,,,,,,,,,,,,,,,,,,
,,,,,,,,,,,,,,,,,,,,,,,,,,,,,,,,,
,,,,,,,,,,,,,,,,,,,,,,,,,,,,,,,,,
,,,,,,,,,,,,,,,,,,,,,,,,,,,,,,,,,
,,,,,,,,,,,,,,,,,,,,,,,,,,,,,,,,,
,,,,,,,,,,,,,,,,,,,,,,,,,,,,,,,,,
,,,,,,,,,,,,,,,,,,,,,,,,,,,,,,,,,
,,,,,,,,,,,,,,,,,,,,,,,,,,,,,,,,,
,,,,,,,,,,,,,,,,,,,,,,,,,,,,,,,,,
,,,,,,,,,,,,,,,,,,,,,,,,,,,,,,,,,
,,,,,,,,,,,,,,,,,,,,,,,,,,,,,,,,,
,,,,,,,,,,,,,,,,,,,,,,,,,,,,,,,,,
,,,,,,,,,,,,,,,,,,,,,,,,,,,,,,,,,
,,,,,,,,,,,,,,,,,,,,,,,,,,,,,,,,,
,,,,,,,,,,,,,,,,,,,,,,,,,,,,,,,,,
,,,,,,,,,,,,,,,,,,,,,,,,,,,,,,,,,
,,,,,,,,,,,,,,,,,,,,,,,,,,,,,,,,,
,,,,,,,,,,,,,,,,,,,,,,,,,,,,,,,,,
,,,,,,,,,,,,,,,,,,,,,,,,,,,,,,,,,
,,,,,,,,,,,,,,,,,,,,,,,,,,,,,,,,,
,,,,,,,,,,,,,,,,,,,,,,,,,,,,,,,,,
,,,,,,,,,,,,,,,,,,,,,,,,,,,,,,,,,
,,,,,,,,,,,,,,,,,,,,,,,,,,,,,,,,,
,,,,,,,,,,,,,,,,,,,,,,,,,,,,,,,,,
,,,,,,,,,,,,,,,,,,,,,,,,,,,,,,,,,
,,,,,,,,,,,,,,,,,,,,,,,,,,,,,,,,,
,,,,,,,,,,,,,,,,,,,,,,,,,,,,,,,,,
,,,,,,,,,,,,,,,,,,,,,,,,,,,,,,,,,
,,,,,,,,,,,,,,,,,,,,,,,,,,,,,,,,,
,,,,,,,,,,,,,,,,,,,,,,,,,,,,,,,,,
,,,,,,,,,,,,,,,,,,,,,,,,,,,,,,,,,
,,,,,,,,,,,,,,,,,,,,,,,,,,,,,,,,,
,,,,,,,,,,,,,,,,,,,,,,,,,,,,,,,,,
,,,,,,,,,,,,,,,,,,,,,,,,,,,,,,,,,
,,,,,,,,,,,,,,,,,,,,,,,,,,,,,,,,,
,,,,,,,,,,,,,,,,,,,,,,,,,,,,,,,,,
,,,,,,,,,,,,,,,,,,,,,,,,,,,,,,,,,
,,,,,,,,,,,,,,,,,,,,,,,,,,,,,,,,,
,,,,,,,,,,,,,,,,,,,,,,,,,,,,,,,,,
,,,,,,,,,,,,,,,,,,,,,,,,,,,,,,,,,
,,,,,,,,,,,,,,,,,,,,,,,,,,,,,,,,,
,,,,,,,,,,,,,,,,,,,,,,,,,,,,,,,,,
,,,,,,,,,,,,,,,,,,,,,,,,,,,,,,,,,
,,,,,,,,,,,,,,,,,,,,,,,,,,,,,,,,,
,,,,,,,,,,,,,,,,,,,,,,,,,,,,,,,,,
,,,,,,,,,,,,,,,,,,,,,,,,,,,,,,,,,
,,,,,,,,,,,,,,,,,,,,,,,,,,,,,,,,,
,,,,,,,,,,,,,,,,,,,,,,,,,,,,,,,,,
,,,,,,,,,,,,,,,,,,,,,,,,,,,,,,,,,
,,,,,,,,,,,,,,,,,,,,,,,,,,,,,,,,,
,,,,,,,,,,,,,,,,,,,,,,,,,,,,,,,,,
,,,,,,,,,,,,,,,,,,,,,,,,,,,,,,,,,
,,,,,,,,,,,,,,,,,,,,,,,,,,,,,,,,,
,,,,,,,,,,,,,,,,,,,,,,,,,,,,,,,,,
,,,,,,,,,,,,,,,,,,,,,,,,,,,,,,,,,
,,,,,,,,,,,,,,,,,,,,,,,,,,,,,,,,,
,,,,,,,,,,,,,,,,,,,,,,,,,,,,,,,,,
,,,,,,,,,,,,,,,,,,,,,,,,,,,,,,,,,
,,,,,,,,,,,,,,,,,,,,,,,,,,,,,,,,,
,,,,,,,,,,,,,,,,,,,,,,,,,,,,,,,,,
,,,,,,,,,,,,,,,,,,,,,,,,,,,,,,,,,
,,,,,,,,,,,,,,,,,,,,,,,,,,,,,,,,,
,,,,,,,,,,,,,,,,,,,,,,,,,,,,,,,,,
,,,,,,,,,,,,,,,,,,,,,,,,,,,,,,,,,
,,,,,,,,,,,,,,,,,,,,,,,,,,,,,,,,,
,,,,,,,,,,,,,,,,,,,,,,,,,,,,,,,,,
,,,,,,,,,,,,,,,,,,,,,,,,,,,,,,,,,
,,,,,,,,,,,,,,,,,,,,,,,,,,,,,,,,,
,,,,,,,,,,,,,,,,,,,,,,,,,,,,,,,,,
,,,,,,,,,,,,,,,,,,,,,,,,,,,,,,,,,
,,,,,,,,,,,,,,,,,,,,,,,,,,,,,,,,,
,,,,,,,,,,,,,,,,,,,,,,,,,,,,,,,,,
,,,,,,,,,,,,,,,,,,,,,,,,,,,,,,,,,
,,,,,,,,,,,,,,,,,,,,,,,,,,,,,,,,,
,,,,,,,,,,,,,,,,,,,,,,,,,,,,,,,,,
,,,,,,,,,,,,,,,,,,,,,,,,,,,,,,,,,
,,,,,,,,,,,,,,,,,,,,,,,,,,,,,,,,,
,,,,,,,,,,,,,,,,,,,,,,,,,,,,,,,,,
,,,,,,,,,,,,,,,,,,,,,,,,,,,,,,,,,
,,,,,,,,,,,,,,,,,,,,,,,,,,,,,,,,,
,,,,,,,,,,,,,,,,,,,,,,,,,,,,,,,,,
,,,,,,,,,,,,,,,,,,,,,,,,,,,,,,,,,
,,,,,,,,,,,,,,,,,,,,,,,,,,,,,,,,,
,,,,,,,,,,,,,,,,,,,,,,,,,,,,,,,,,
,,,,,,,,,,,,,,,,,,,,,,,,,,,,,,,,,
,,,,,,,,,,,,,,,,,,,,,,,,,,,,,,,,,
,,,,,,,,,,,,,,,,,,,,,,,,,,,,,,,,,
,,,,,,,,,,,,,,,,,,,,,,,,,,,,,,,,,
,,,,,,,,,,,,,,,,,,,,,,,,,,,,,,,,,
,,,,,,,,,,,,,,,,,,,,,,,,,,,,,,,,,
,,,,,,,,,,,,,,,,,,,,,,,,,,,,,,,,,
,,,,,,,,,,,,,,,,,,,,,,,,,,,,,,,,,
,,,,,,,,,,,,,,,,,,,,,,,,,,,,,,,,,
,,,,,,,,,,,,,,,,,,,,,,,,,,,,,,,,,
,,,,,,,,,,,,,,,,,,,,,,,,,,,,,,,,,
,,,,,,,,,,,,,,,,,,,,,,,,,,,,,,,,,
,,,,,,,,,,,,,,,,,,,,,,,,,,,,,,,,,
,,,,,,,,,,,,,,,,,,,,,,,,,,,,,,,,,
,,,,,,,,,,,,,,,,,,,,,,,,,,,,,,,,,
,,,,,,,,,,,,,,,,,,,,,,,,,,,,,,,,,
,,,,,,,,,,,,,,,,,,,,,,,,,,,,,,,,,
,,,,,,,,,,,,,,,,,,,,,,,,,,,,,,,,,
,,,,,,,,,,,,,,,,,,,,,,,,,,,,,,,,,
,,,,,,,,,,,,,,,,,,,,,,,,,,,,,,,,,
,,,,,,,,,,,,,,,,,,,,,,,,,,,,,,,,,
,,,,,,,,,,,,,,,,,,,,,,,,,,,,,,,,,
,,,,,,,,,,,,,,,,,,,,,,,,,,,,,,,,,
,,,,,,,,,,,,,,,,,,,,,,,,,,,,,,,,,
,,,,,,,,,,,,,,,,,,,,,,,,,,,,,,,,,
,,,,,,,,,,,,,,,,,,,,,,,,,,,,,,,,,
